forecast_date,playin_flag,rd1_win,rd2_win,rd3_win,rd4_win,rd5_win,rd6_win,rd7_win,team_alive,team_id,team_name,,,team_seed
3/12/17,0,1,0.987632002,0.803221307,0.589206004,0.401737092,0.241125214,0.149953843,1,222,Villanova,,,1
3/12/17,0,1,0.976795631,0.840203278,0.595332929,0.414664017,0.229399633,0.138479969,1,2250,Gonzaga,,,1
3/12/17,0,1,0.979612036,0.805572801,0.556596439,0.38029915,0.212211901,0.103890499,1,2305,Kansas,,,1
3/12/17,0,1,0.966806379,0.681923407,0.474828915,0.302249843,0.168237626,0.081807351,1,96,Kentucky,,,2
3/12/17,0,1,0.979275339,0.798724713,0.57984198,0.298548916,0.15479223,0.069972958,1,153,North Carolina,,,1
3/12/17,0,1,0.966903494,0.779869687,0.510116107,0.236574934,0.122114058,0.066660798,1,150,Duke,,,2
3/12/17,0,1,0.973818119,0.668185522,0.465179387,0.21609735,0.110822048,0.049736748,1,97,Louisville,,,2
3/12/17,0,1,0.952501635,0.568275078,0.392453362,0.161012216,0.079675082,0.043955031,1,12,Arizona,,,2
3/12/17,0,1,0.901829515,0.64560099,0.256005981,0.146890204,0.067773822,0.035333035,1,277,West Virginia,,,4
3/12/17,0,1,0.941723643,0.614538888,0.208319787,0.09754896,0.052713171,0.024859543,1,26,UCLA,,,3
3/12/17,0,1,0.844766912,0.491577691,0.178718249,0.095957031,0.047313098,0.024829884,1,258,Virginia,,,5
3/12/17,0,1,0.737770788,0.350551672,0.257520482,0.117770505,0.046161801,0.021078897,1,2608,Saint Mary's (CA),,,7
3/12/17,0,1,0.859696311,0.506128913,0.196615654,0.106255356,0.049423484,0.020099203,1,2509,Purdue,,,4
3/12/17,0,1,0.692358309,0.244216763,0.149894119,0.083845937,0.043748014,0.019903768,1,2724,Wichita State,,,10
3/12/17,0,1,0.789641696,0.456299666,0.197903735,0.071711276,0.033629271,0.01690412,1,2567,Southern Methodist,,,6
3/12/17,0,1,0.830879631,0.41926545,0.165322582,0.090313293,0.041477263,0.016654491,1,66,Iowa State,,,5
3/12/17,0,1,0.903498885,0.460614315,0.188426523,0.064282635,0.028869539,0.013981918,1,239,Baylor,,,3
3/12/17,0,1,0.922453145,0.612530911,0.21081951,0.065982422,0.02951077,0.011540626,1,2483,Oregon,,,3
3/12/17,0,1,0.890205906,0.620125611,0.231390822,0.086281939,0.03298444,0.011023811,1,2086,Butler,,,4
3/12/17,0,1,0.874918052,0.443570125,0.12650591,0.057340559,0.023554631,0.010564921,1,57,Florida,,,4
3/12/17,0,1,0.875459337,0.619948032,0.223579927,0.069806579,0.024619697,0.010309222,1,52,Florida State,,,3
3/12/17,0,1,0.627992313,0.258161872,0.101708915,0.053018997,0.02391696,0.00940152,1,2132,Cincinnati,,,6
3/12/17,0,1,0.789798041,0.176214197,0.091755652,0.044102419,0.019314221,0.009153821,1,275,Wisconsin,,,8
3/12/17,0,1,0.63343539,0.229701754,0.136026186,0.050064359,0.021324031,0.007944688,1,130,Michigan,,,7
3/12/17,0,1,0.754708167,0.276810125,0.082734021,0.038876177,0.014374157,0.0062574,1,87,Notre Dame,,,5
3/12/17,0,1,0.560859159,0.219366215,0.082632247,0.028122711,0.010679374,0.003554227,1,156,Creighton,,,6
3/12/17,0,1,0.36656461,0.0999637,0.05710123,0.020032277,0.008217015,0.002949716,1,197,Oklahoma State,,,10
3/12/17,0,1,0.551241404,0.111588464,0.040975026,0.015984554,0.005821239,0.00185981,1,2390,Miami (FL),,,8
3/12/17,0,1,0.505738239,0.10119193,0.053221267,0.017318661,0.005918176,0.00177456,1,8,Arkansas,,,8
3/12/17,0,1,0.545707184,0.089275728,0.032689652,0.012532033,0.003773358,0.001385659,1,238,Vanderbilt,,,9
3/12/17,0,1,0.439140841,0.153258665,0.046331761,0.012863551,0.004473236,0.001366309,1,227,Rhode Island,,,11
3/12/17,1,0.476091175,0.187298817,0.063258469,0.019092153,0.008213586,0.003287544,0.00114899,1,2306,Kansas State,,,11a
3/12/17,0,1,0.567264573,0.127884353,0.046432449,0.010826562,0.003178218,0.001064459,1,2579,South Carolina,,,7
3/12/17,0,1,0.494261761,0.097550713,0.045016708,0.01243802,0.003803673,0.001025091,1,2550,Seton Hall,,,9
3/12/17,0,1,0.307641691,0.070096544,0.028488469,0.01081393,0.003539775,0.00101835,1,2168,Dayton,,,7
3/12/17,0,1,0.432735427,0.086480328,0.034046864,0.00865809,0.002774714,0.001003543,1,269,Marquette,,,10
3/12/17,0,1,0.448758596,0.080259936,0.027907107,0.010376899,0.003360842,0.000958077,1,127,Michigan State,,,9
3/12/17,1,0.523908825,0.18470887,0.056508128,0.016560448,0.006971182,0.002540492,0.000810581,1,154,Wake Forest,,,11b
3/12/17,0,1,0.494281725,0.167199602,0.042373495,0.009472803,0.002451709,0.000792493,1,2752,Xavier,,,11
3/12/17,0,1,0.262229212,0.076255128,0.036011588,0.008528679,0.00231709,0.000780418,1,2670,Virginia Commonwealth,,,10
3/12/17,0,1,0.480437759,0.1644115,0.043759258,0.011922665,0.003240089,0.000779885,1,2393,Middle Tennessee,,,12
3/12/17,0,1,0.505718275,0.172976795,0.042858487,0.009379024,0.002365913,0.000748238,1,120,Maryland,,,6
3/12/17,0,1,0.454292816,0.066373982,0.022163655,0.007824092,0.002139142,0.000724341,1,77,Northwestern,,,8
3/12/17,0,1,0.519562241,0.184583117,0.042529634,0.010122565,0.002831157,0.000700461,1,135,Minnesota,,,5
3/12/17,1,0.582211116,0.123028397,0.040913089,0.012438687,0.003137787,0.000915611,0.000305047,1,2507,Providence,,,11a
3/12/17,1,0.417788884,0.087329907,0.028813694,0.008298097,0.001981912,0.000735993,0.000302564,1,30,Southern California,,,11b
3/12/17,0,1,0.169120369,0.038797278,0.006873639,0.001986006,0.000661836,0.000193962,1,2440,Nevada,,,12
3/12/17,0,1,0.245291833,0.049146792,0.007350411,0.001982721,0.000409038,0.000108797,1,163,Princeton,,,12
3/12/17,0,1,0.155233088,0.042110696,0.005987617,0.001578644,0.000373603,0.000103395,1,350,North Carolina-Wilmington,,,12
3/12/17,0,1,0.210201959,0.019472191,0.005276095,0.001366767,0.000321385,8.84E-05,1,259,Virginia Tech,,,9
3/12/17,0,1,0.140303689,0.035808358,0.005502939,0.001404734,0.000332618,7.01E-05,1,261,Vermont,,,13
3/12/17,0,1,0.098170485,0.028442093,0.003276057,0.000703306,0.000115271,2.50E-05,1,2083,Bucknell,,,13
3/12/17,0,1,0.125081948,0.022741488,0.002467302,0.000516807,0.000100944,2.35E-05,1,2193,East Tennessee State,,,13
3/12/17,0,1,0.109794094,0.030879773,0.003895311,0.000522191,7.81E-05,1.06E-05,1,2737,Winthrop,,,13
3/12/17,0,1,0.124540663,0.039875571,0.004390241,0.000443427,5.51E-05,9.32E-06,1,526,Florida Gulf Coast,,,14
3/12/17,0,1,0.096501115,0.013359236,0.001667678,0.000172058,3.26E-05,7.40E-06,1,166,New Mexico State,,,14
3/12/17,0,1,0.077546855,0.014844209,0.001650843,0.000180559,2.73E-05,3.74E-06,1,314,Iona,,,14
3/12/17,0,1,0.058276357,0.007532643,0.000634853,9.60E-05,1.29E-05,1.58E-06,1,2309,Kent State,,,14
3/12/17,0,1,0.033096506,0.005765631,0.00066986,4.90E-05,5.27E-06,7.06E-07,1,2653,Troy,,,15
3/12/17,0,1,0.033193621,0.003763286,0.000472341,6.15E-05,6.85E-06,7.01E-07,1,94,Northern Kentucky,,,15
3/12/17,0,1,0.023204369,0.004147012,0.000447293,5.54E-05,5.23E-06,6.87E-07,1,2571,South Dakota State,,,16
3/12/17,0,1,0.047498365,0.004918122,0.000812418,5.89E-05,5.11E-06,6.22E-07,1,155,North Dakota,,,15
3/12/17,0,1,0.020724661,0.002532644,0.00034502,2.51E-05,2.34E-06,2.02E-07,1,2640,Texas Southern,,,16
3/12/17,0,1,0.026181881,0.002149023,0.000258836,1.69E-05,1.54E-06,1.28E-07,1,55,Jacksonville State,,,15
3/12/17,1,0.629059916,0.013628353,0.001809114,0.000152018,1.52E-05,1.46E-06,1.28E-07,1,2428,North Carolina Central,,,16a
3/12/17,1,0.370940084,0.006759611,0.000769684,5.46E-05,4.64E-06,5.19E-07,5.29E-08,1,302,UC-Davis,,,16b
3/12/17,1,0.555249525,0.007791272,0.000756286,5.90E-05,4.64E-06,3.35E-07,3.08E-08,1,116,Mount St. Mary's,,,16a
3/12/17,1,0.444750475,0.004576726,0.000336019,2.42E-05,1.76E-06,1.35E-07,1.32E-08,1,2443,New Orleans,,,16b
3/14/17,0,1,0.987426988,0.803067057,0.589105143,0.401677476,0.241095698,0.149928014,1,222,Villanova,,,1
3/14/17,0,1,0.976795631,0.840203278,0.595332929,0.414664017,0.229401375,0.138470257,1,2250,Gonzaga,,,1
3/14/17,0,1,0.979612036,0.805572801,0.556596439,0.38029915,0.212150284,0.103864089,1,2305,Kansas,,,1
3/14/17,0,1,0.966806379,0.681923407,0.47496234,0.302326201,0.168274726,0.081822876,1,96,Kentucky,,,2
3/14/17,0,1,0.979275339,0.798724713,0.57984198,0.298565718,0.154800061,0.0699763,1,153,North Carolina,,,1
3/14/17,0,1,0.966903494,0.779869687,0.510116107,0.236582107,0.122117427,0.066656312,1,150,Duke,,,2
3/14/17,0,1,0.973818119,0.668185522,0.465179387,0.21609735,0.110785072,0.049722206,1,97,Louisville,,,2
3/14/17,0,1,0.952501635,0.568275078,0.392453362,0.161012216,0.07967582,0.043951405,1,12,Arizona,,,2
3/14/17,0,1,0.901829515,0.64560099,0.256005981,0.146890204,0.06777452,0.035329848,1,277,West Virginia,,,4
3/14/17,0,1,0.844766912,0.491577691,0.178738896,0.095967366,0.04731783,0.024829756,1,258,Virginia,,,5
3/14/17,0,1,0.941723643,0.611215043,0.207386885,0.097177734,0.052541058,0.024792283,1,26,UCLA,,,3
3/14/17,0,1,0.737770788,0.350551672,0.257520482,0.117770505,0.046162382,0.021076621,1,2608,Saint Mary's (CA),,,7
3/14/17,0,1,0.859696311,0.506128913,0.196615654,0.106255356,0.049404551,0.020092436,1,2509,Purdue,,,4
3/14/17,0,1,0.692358309,0.244216763,0.149951369,0.083874522,0.043761125,0.019908954,1,2724,Wichita State,,,10
3/14/17,0,1,0.789641696,0.456299666,0.197903735,0.071714136,0.033630509,0.016902921,1,2567,Southern Methodist,,,6
3/14/17,0,1,0.830879631,0.41926545,0.165322582,0.090313293,0.04146111,0.016648788,1,66,Iowa State,,,5
3/14/17,0,1,0.903498885,0.460614315,0.188426523,0.064285337,0.028870661,0.013980875,1,239,Baylor,,,3
3/14/17,0,1,0.922453145,0.612530911,0.21081951,0.065982422,0.029498887,0.011536535,1,2483,Oregon,,,3
3/14/17,0,1,0.890205906,0.620125611,0.231390822,0.086291185,0.032987642,0.011024822,1,2086,Butler,,,4
3/14/17,0,1,0.874918052,0.443570125,0.126525762,0.057348993,0.023557872,0.010564998,1,57,Florida,,,4
3/14/17,0,1,0.875459337,0.619948032,0.223579927,0.069806579,0.024620041,0.010307991,1,52,Florida State,,,3
3/14/17,0,1,0.613861756,0.253171857,0.100053658,0.05227058,0.023634327,0.009311925,1,2132,Cincinnati,,,6
3/14/17,0,1,0.789798041,0.176322547,0.091809638,0.044127231,0.019324603,0.009157501,1,275,Wisconsin,,,8
3/14/17,0,1,0.63343539,0.229701754,0.136026186,0.050064359,0.02131493,0.007941696,1,130,Michigan,,,7
3/14/17,0,1,0.754708167,0.276810125,0.082734021,0.038876177,0.014374349,0.006256684,1,87,Notre Dame,,,5
3/14/17,0,1,0.560859159,0.219366215,0.082632247,0.028122711,0.010674225,0.003552706,1,156,Creighton,,,6
3/14/17,0,1,0.36656461,0.0999637,0.05710123,0.020032277,0.008213357,0.002948555,1,197,Oklahoma State,,,10
3/14/17,1,1,0.386138244,0.128218292,0.038041642,0.016160435,0.006388844,0.002206138,1,2306,Kansas State,,,11a
3/14/17,0,1,0.551241404,0.111588464,0.040975026,0.015984554,0.005818318,0.001858979,1,2390,Miami (FL),,,8
3/14/17,0,1,0.505738239,0.10119193,0.053221267,0.017320905,0.005918876,0.001774759,1,8,Arkansas,,,8
3/14/17,0,1,0.545707184,0.089275728,0.032689652,0.012532033,0.003773417,0.00138547,1,238,Vanderbilt,,,9
3/14/17,0,1,0.439140841,0.153258665,0.046331761,0.012863551,0.004470896,0.001365671,1,227,Rhode Island,,,11
3/14/17,0,1,0.567264573,0.127884353,0.046432449,0.010827144,0.003178378,0.001064335,1,2579,South Carolina,,,7
3/14/17,0,1,0.494261761,0.097550713,0.045016708,0.01243996,0.00380422,0.001025231,1,2550,Seton Hall,,,9
3/14/17,0,1,0.307641691,0.070096544,0.028507501,0.010820434,0.003541665,0.001018833,1,2168,Dayton,,,7
3/14/17,0,1,0.432735427,0.086480328,0.034046864,0.008658534,0.002774847,0.001003434,1,269,Marquette,,,10
3/14/17,0,1,0.448758596,0.080259936,0.027907107,0.010376899,0.003358977,0.0009576,1,127,Michigan State,,,9
3/14/17,0,1,0.494281725,0.167199602,0.042373495,0.009472803,0.002451752,0.000792373,1,2752,Xavier,,,11
3/14/17,0,1,0.262229212,0.076255128,0.036011588,0.008528679,0.00231713,0.000780303,1,2670,Virginia Commonwealth,,,10
3/14/17,0,1,0.480437759,0.1644115,0.043759258,0.011924551,0.00324056,0.000779993,1,2393,Middle Tennessee,,,12
3/14/17,0,1,0.505718275,0.172976795,0.042858487,0.009379024,0.002365956,0.000748122,1,120,Maryland,,,6
3/14/17,0,1,0.454292816,0.066373982,0.022163655,0.007824092,0.002139178,0.000724235,1,77,Northwestern,,,8
3/14/17,0,1,0.519562241,0.184583117,0.042529634,0.010124376,0.002831628,0.000700573,1,135,Minnesota,,,5
3/14/17,1,0.582211116,0.123028397,0.040913089,0.012438687,0.003137949,0.000915655,0.00030501,1,2507,Providence,,,11a
3/14/17,1,0.417788884,0.087329907,0.028813694,0.008298097,0.001982017,0.00073603,0.000302538,1,30,Southern California,,,11b
3/14/17,0,1,0.169120369,0.038797278,0.006873639,0.001986006,0.000661477,0.000193868,1,2440,Nevada,,,12
3/14/17,0,1,0.245291833,0.049146792,0.007350411,0.001982721,0.000409046,0.000108779,1,163,Princeton,,,12
3/14/17,0,1,0.155233088,0.042110696,0.005989523,0.001579125,0.000373712,0.000103404,1,350,North Carolina-Wilmington,,,12
3/14/17,0,1,0.210201959,0.019503796,0.005284426,0.001368869,0.000321867,8.85E-05,1,259,Virginia Tech,,,9
3/14/17,0,1,0.140303689,0.035808358,0.005502939,0.001404734,0.000332391,7.00E-05,1,261,Vermont,,,13
3/14/17,0,1,0.098170485,0.028442093,0.003276057,0.000703306,0.000115273,2.50E-05,1,2083,Bucknell,,,13
3/14/17,0,1,0.125081948,0.022741488,0.002468308,0.00051701,0.000100982,2.35E-05,1,2193,East Tennessee State,,,13
3/14/17,0,1,0.109794094,0.030879773,0.003895311,0.000522322,7.81E-05,1.06E-05,1,2737,Winthrop,,,13
3/14/17,0,1,0.124540663,0.039875571,0.004390241,0.000443427,5.51E-05,9.32E-06,1,526,Florida Gulf Coast,,,14
3/14/17,0,1,0.096501115,0.013359236,0.001667678,0.00017207,3.26E-05,7.40E-06,1,166,New Mexico State,,,14
3/14/17,0,1,0.077546855,0.014844209,0.001650843,0.000180559,2.73E-05,3.73E-06,1,314,Iona,,,14
3/14/17,0,1,0.058276357,0.007394808,0.000623781,9.44E-05,1.27E-05,1.56E-06,1,2309,Kent State,,,14
3/14/17,0,1,0.033096506,0.005765631,0.00066986,4.90E-05,5.27E-06,7.06E-07,1,2653,Troy,,,15
3/14/17,0,1,0.033193621,0.003763286,0.000472824,6.16E-05,6.86E-06,7.01E-07,1,94,Northern Kentucky,,,15
3/14/17,0,1,0.023204369,0.004147012,0.000447293,5.54E-05,5.23E-06,6.87E-07,1,2571,South Dakota State,,,16
3/14/17,0,1,0.047498365,0.004918122,0.000812418,5.89E-05,5.11E-06,6.22E-07,1,155,North Dakota,,,15
3/14/17,0,1,0.020724661,0.002532644,0.00034502,2.51E-05,2.35E-06,2.02E-07,1,2640,Texas Southern,,,16
3/14/17,0,1,0.026181881,0.002149023,0.000258836,1.69E-05,1.54E-06,1.28E-07,1,55,Jacksonville State,,,15
3/14/17,1,0.629059916,0.013628353,0.001809114,0.000152018,1.52E-05,1.46E-06,1.28E-07,1,2428,North Carolina Central,,,16a
3/14/17,1,0.370940084,0.006759611,0.000769684,5.46E-05,4.64E-06,5.19E-07,5.28E-08,1,302,UC-Davis,,,16b
3/14/17,1,1,0.012573012,0.0011066,7.83E-05,5.60E-06,3.68E-07,3.10E-08,1,116,Mount St. Mary's,,,16a
3/14/17,1,0,0,0,0,0,0,0,0,2443,New Orleans,,,16b
3/14/17,1,0,0,0,0,0,0,0,0,154,Wake Forest,,,11b
3/15/17,0,1,0.987426988,0.803067057,0.589105143,0.401744271,0.241131391,0.149947261,1,222,Villanova,,,1
3/15/17,0,1,0.976795631,0.840203278,0.595332929,0.414664017,0.229320871,0.138425341,1,2250,Gonzaga,,,1
3/15/17,0,1,0.983190645,0.80830299,0.558245868,0.381275717,0.212588255,0.104015991,1,2305,Kansas,,,1
3/15/17,0,1,0.966806379,0.681923407,0.47496234,0.302326201,0.168260139,0.081810112,1,96,Kentucky,,,2
3/15/17,0,1,0.979275339,0.798724713,0.57984198,0.298565718,0.154784442,0.069963658,1,153,North Carolina,,,1
3/15/17,0,1,0.966903494,0.779869687,0.510806309,0.236857782,0.122240776,0.066714124,1,150,Duke,,,2
3/15/17,0,1,0.973818119,0.668185522,0.465179387,0.215967862,0.110724774,0.049693324,1,97,Louisville,,,2
3/15/17,0,1,0.952501635,0.568275078,0.392453362,0.161012216,0.079640832,0.043933472,1,12,Arizona,,,2
3/15/17,0,1,0.901829515,0.64560099,0.256005981,0.146890204,0.06774085,0.035313483,1,277,West Virginia,,,4
3/15/17,0,1,0.844766912,0.491577691,0.178738896,0.095996038,0.047330423,0.024835395,1,258,Virginia,,,5
3/15/17,0,1,0.941723643,0.611215043,0.207386885,0.097177734,0.052536198,0.024788166,1,26,UCLA,,,3
3/15/17,0,1,0.737770788,0.350551672,0.257520482,0.117770505,0.046133019,0.02106401,1,2608,Saint Mary's (CA),,,7
3/15/17,0,1,0.859696311,0.506128913,0.196155973,0.106024814,0.049306082,0.020053742,1,2509,Purdue,,,4
3/15/17,0,1,0.692358309,0.244216763,0.149951369,0.083874522,0.043756765,0.019905401,1,2724,Wichita State,,,10
3/15/17,0,1,0.803945283,0.463454539,0.200434704,0.07241752,0.033883561,0.016996769,1,2567,Southern Methodist,,,6
3/15/17,0,1,0.830879631,0.41926545,0.164943968,0.090121382,0.041380368,0.016617459,1,66,Iowa State,,,5
3/15/17,0,1,0.903498885,0.461310291,0.188677847,0.064359379,0.028899854,0.013993115,1,239,Baylor,,,3
3/15/17,0,1,0.922453145,0.612530911,0.21081951,0.065920366,0.029473085,0.011525856,1,2483,Oregon,,,3
3/15/17,0,1,0.890205906,0.620125611,0.231390822,0.086291185,0.032982312,0.011021628,1,2086,Butler,,,4
3/15/17,0,1,0.874918052,0.443570125,0.126525762,0.057372259,0.023566405,0.010568233,1,57,Florida,,,4
3/15/17,0,1,0.875459337,0.619948032,0.223579927,0.069806579,0.024602105,0.010300884,1,52,Florida State,,,3
3/15/17,0,1,0.613861756,0.253171857,0.100053658,0.05227058,0.023631291,0.00930979,1,2132,Cincinnati,,,6
3/15/17,0,1,0.789798041,0.176322547,0.091809638,0.044143452,0.019330937,0.009160044,1,275,Wisconsin,,,8
3/15/17,0,1,0.63343539,0.229701754,0.136026186,0.050024132,0.021299267,0.007935406,1,130,Michigan,,,7
3/15/17,0,1,0.754708167,0.276810125,0.082734021,0.038876177,0.014364473,0.006252627,1,87,Notre Dame,,,5
3/15/17,0,1,0.560859159,0.219366215,0.082632247,0.028098234,0.010665727,0.003549618,1,156,Creighton,,,6
3/15/17,0,1,0.36656461,0.0999637,0.05710123,0.020015358,0.008207001,0.00294609,1,197,Oklahoma State,,,10
3/15/17,1,1,0.386138244,0.128218292,0.038041642,0.016160435,0.006387853,0.002205525,1,2306,Kansas State,,,11a
3/15/17,0,1,0.551241404,0.110523561,0.040603949,0.015846635,0.005770465,0.001844139,1,2390,Miami (FL),,,8
3/15/17,0,1,0.505738239,0.10119193,0.053221267,0.017320905,0.005917793,0.001774174,1,8,Arkansas,,,8
3/15/17,0,1,0.545707184,0.089275728,0.032689652,0.012532033,0.003770143,0.001384322,1,238,Vanderbilt,,,9
3/15/17,0,1,0.439140841,0.153258665,0.046331761,0.012850198,0.004466595,0.001364238,1,227,Rhode Island,,,11
3/15/17,0,1,0.567264573,0.127884353,0.046592807,0.010860383,0.003187082,0.001066905,1,2579,South Carolina,,,7
3/15/17,0,1,0.494261761,0.097550713,0.045016708,0.01243996,0.003803446,0.001024853,1,2550,Seton Hall,,,9
3/15/17,0,1,0.307641691,0.070096544,0.028507501,0.010820434,0.003540989,0.001018481,1,2168,Dayton,,,7
3/15/17,0,1,0.432735427,0.086480328,0.034154574,0.008682724,0.002781725,0.001005616,1,269,Marquette,,,10
3/15/17,0,1,0.448758596,0.079393461,0.027619799,0.010274646,0.003327324,0.000948811,1,127,Michigan State,,,9
3/15/17,0,1,0.494281725,0.167199602,0.042373495,0.009472803,0.002449302,0.00079161,1,2752,Xavier,,,11
3/15/17,0,1,0.480437759,0.1644115,0.043759258,0.011924551,0.003239835,0.000779673,1,2393,Middle Tennessee,,,12
3/15/17,0,1,0.262229212,0.076255128,0.036011588,0.008528679,0.002314911,0.000779586,1,2670,Virginia Commonwealth,,,10
3/15/17,0,1,0.505718275,0.172976795,0.042858487,0.009379024,0.002363539,0.000747385,1,120,Maryland,,,6
3/15/17,0,1,0.454292816,0.066373982,0.022163655,0.007824092,0.002137142,0.000723573,1,77,Northwestern,,,8
3/15/17,0,1,0.519562241,0.184583117,0.042529634,0.010124376,0.002831009,0.000700293,1,135,Minnesota,,,5
3/15/17,1,1,0.196054717,0.061738357,0.016975357,0.003869724,0.001385915,0.00055205,1,30,Southern California,,,11b
3/15/17,0,1,0.169120369,0.038797278,0.00683969,0.001976696,0.000658518,0.000193009,1,2440,Nevada,,,12
3/15/17,0,1,0.245291833,0.049146792,0.007350411,0.001982721,0.00040856,0.000108652,1,163,Princeton,,,12
3/15/17,0,1,0.155233088,0.042110696,0.005989523,0.00158037,0.000373983,0.000103469,1,350,North Carolina-Wilmington,,,12
3/15/17,0,1,0.210201959,0.019503796,0.005284426,0.001369965,0.000322104,8.86E-05,1,259,Virginia Tech,,,9
3/15/17,0,1,0.140303689,0.035808358,0.00547323,0.001397501,0.000330757,6.97E-05,1,261,Vermont,,,13
3/15/17,0,1,0.098170485,0.028442093,0.003276057,0.000703306,0.000115116,2.50E-05,1,2083,Bucknell,,,13
3/15/17,0,1,0.125081948,0.022741488,0.002468308,0.000517502,0.000101072,2.35E-05,1,2193,East Tennessee State,,,13
3/15/17,0,1,0.109794094,0.030879773,0.003895311,0.000522322,7.81E-05,1.06E-05,1,2737,Winthrop,,,13
3/15/17,0,1,0.124540663,0.039875571,0.004390241,0.000443427,5.50E-05,9.31E-06,1,526,Florida Gulf Coast,,,14
3/15/17,0,1,0.096501115,0.013496813,0.001684023,0.000173671,3.29E-05,7.46E-06,1,166,New Mexico State,,,14
3/15/17,0,1,0.077546855,0.014844209,0.001650843,0.000180258,2.73E-05,3.73E-06,1,314,Iona,,,14
3/15/17,0,1,0.058276357,0.007394808,0.000623781,9.44E-05,1.27E-05,1.56E-06,1,2309,Kent State,,,14
3/15/17,0,1,0.033096506,0.005765631,0.00067438,4.94E-05,5.30E-06,7.10E-07,1,2653,Troy,,,15
3/15/17,0,1,0.033193621,0.003763286,0.000472824,6.16E-05,6.86E-06,7.01E-07,1,94,Northern Kentucky,,,15
3/15/17,0,1,0.023204369,0.004147012,0.000447293,5.54E-05,5.22E-06,6.86E-07,1,2571,South Dakota State,,,16
3/15/17,0,1,0.047498365,0.004918122,0.000812418,5.89E-05,5.10E-06,6.21E-07,1,155,North Dakota,,,15
3/15/17,0,1,0.020724661,0.002532644,0.00034502,2.51E-05,2.34E-06,2.02E-07,1,2640,Texas Southern,,,16
3/15/17,0,1,0.026181881,0.002149023,0.000258836,1.69E-05,1.54E-06,1.28E-07,1,55,Jacksonville State,,,15
3/15/17,1,1,0.016809355,0.001779988,0.000117524,9.33E-06,9.76E-07,9.32E-08,1,302,UC-Davis,,,16b
3/15/17,1,1,0.012573012,0.0011066,7.83E-05,5.61E-06,3.69E-07,3.10E-08,1,116,Mount St. Mary's,,,16a
3/15/17,1,0,0,0,0,0,0,0,0,2443,New Orleans,,,16b
3/15/17,1,0,0,0,0,0,0,0,0,2507,Providence,,,11a
3/15/17,1,0,0,0,0,0,0,0,0,154,Wake Forest,,,11b
3/15/17,1,0,0,0,0,0,0,0,0,2428,North Carolina Central,,,16a
3/16/17,0,1,1,0.787549117,0.569191114,0.389935131,0.233893378,0.14613163,1,222,Villanova,,,1
3/16/17,0,1,1,0.881951066,0.61256986,0.417842048,0.231179911,0.139638245,1,2250,Gonzaga,,,1
3/16/17,0,1,0.983190645,0.80830299,0.54396029,0.372361935,0.208391948,0.101986661,1,2305,Kansas,,,1
3/16/17,0,1,0.966806379,0.681923407,0.47496234,0.301376157,0.167450854,0.081246512,1,96,Kentucky,,,2
3/16/17,0,1,0.979275339,0.798724713,0.565548647,0.292222764,0.151631716,0.068576352,1,153,North Carolina,,,1
3/16/17,0,1,0.966903494,0.779869687,0.510806309,0.236025125,0.12092548,0.06603327,1,150,Duke,,,2
3/16/17,0,1,0.973818119,0.668185522,0.465179387,0.214218981,0.110014112,0.049260584,1,97,Louisville,,,2
3/16/17,0,1,1,0.552600206,0.375586713,0.153456648,0.07673323,0.042718474,1,12,Arizona,,,2
3/16/17,0,1,1,0.685075367,0.264086665,0.147157139,0.068047285,0.03556665,1,277,West Virginia,,,4
3/16/17,0,1,1,0.53480993,0.191865378,0.102747631,0.050104492,0.026234991,1,258,Virginia,,,5
3/16/17,0,1,1,0.447399794,0.321802613,0.144625811,0.056547079,0.025796161,1,2608,Saint Mary's (CA),,,7
3/16/17,0,1,0.941723643,0.611215043,0.207386885,0.09656242,0.052121387,0.024543833,1,26,UCLA,,,3
3/16/17,0,1,1,0.541709479,0.211018177,0.114477881,0.053500178,0.02177029,1,2509,Purdue,,,4
3/16/17,0,1,0.692358309,0.244216763,0.149951369,0.083505543,0.043487328,0.019740076,1,2724,Wichita State,,,10
3/16/17,0,1,1,0.458290521,0.181503482,0.099645081,0.046039452,0.018520649,1,66,Iowa State,,,5
3/16/17,0,1,0.803945283,0.463454539,0.200434704,0.072004036,0.033412619,0.016772637,1,2567,Southern Methodist,,,6
3/16/17,0,1,0.903498885,0.461310291,0.188677847,0.063955069,0.028469734,0.01379547,1,239,Baylor,,,3
3/16/17,0,1,1,0.702719741,0.261000682,0.096918362,0.036782289,0.01220245,1,2086,Butler,,,4
3/16/17,0,1,0.922453145,0.612530911,0.21081951,0.065023607,0.029132543,0.01136364,1,2483,Oregon,,,3
3/16/17,0,1,1,0.46519007,0.132838807,0.060859085,0.024997591,0.011311492,1,57,Florida,,,4
3/16/17,0,1,1,0.212450883,0.106104701,0.051080365,0.022185502,0.010527586,1,275,Wisconsin,,,8
3/16/17,0,1,1,0.700821376,0.231710262,0.070470296,0.024770536,0.010356981,1,52,Florida State,,,3
3/16/17,0,1,0.613861756,0.253171857,0.100053658,0.052003026,0.023460807,0.009219918,1,2132,Cincinnati,,,6
3/16/17,0,1,0.63343539,0.229701754,0.136026186,0.049458595,0.021103737,0.007841413,1,130,Michigan,,,7
3/16/17,0,1,1,0.314924633,0.088922305,0.039558223,0.014413325,0.006206791,1,87,Notre Dame,,,5
3/16/17,0,1,0.560859159,0.219366215,0.082632247,0.027749455,0.010558278,0.003503515,1,156,Creighton,,,6
3/16/17,0,1,0.36656461,0.0999637,0.05710123,0.019775521,0.008126731,0.002909196,1,197,Oklahoma State,,,10
3/16/17,1,1,0.386138244,0.128218292,0.038041642,0.016039496,0.006325256,0.002178131,1,2306,Kansas State,,,11a
3/16/17,0,1,0.551241404,0.110523561,0.037801862,0.01484534,0.005445047,0.001743011,1,2390,Miami (FL),,,8
3/16/17,0,1,0.505738239,0.10119193,0.050649094,0.016597826,0.005685938,0.001708413,1,8,Arkansas,,,8
3/16/17,0,1,1,0.297280259,0.080057275,0.022056309,0.006029,0.001458752,1,2393,Middle Tennessee,,,12
3/16/17,0,1,1,0.299178624,0.070900411,0.015946475,0.004254111,0.001413569,1,2752,Xavier,,,11
3/16/17,0,1,0.439140841,0.153258665,0.046331761,0.01265355,0.004409301,0.001342516,1,227,Rhode Island,,,11
3/16/17,0,1,0.567264573,0.127884353,0.046592807,0.010746529,0.003113038,0.001043182,1,2579,South Carolina,,,7
3/16/17,0,1,0.307641691,0.070096544,0.028507501,0.010724607,0.003499997,0.001003651,1,2168,Dayton,,,7
3/16/17,0,1,0.432735427,0.086480328,0.034154574,0.008600403,0.002722168,0.000985068,1,269,Marquette,,,10
3/16/17,0,1,0.494261761,0.097550713,0.0424392,0.01181838,0.003624345,0.000979052,1,2550,Seton Hall,,,9
3/16/17,0,1,1,0.118048934,0.034421169,0.010943361,0.002837668,0.000920529,1,77,Northwestern,,,8
3/16/17,0,1,0.448758596,0.079393461,0.025615762,0.009590294,0.003129682,0.000893919,1,127,Michigan State,,,9
3/16/17,1,1,0.196054717,0.061738357,0.016975357,0.003828152,0.00135605,0.000540677,1,30,Southern California,,,11b
3/16/17,0,1,0.096501115,0.013496813,0.001684023,0.000170251,3.17E-05,7.20E-06,1,166,New Mexico State,,,14
3/16/17,0,1,0.077546855,0.014844209,0.001650843,0.000175414,2.66E-05,3.62E-06,1,314,Iona,,,14
3/16/17,0,1,0.058276357,0.007394808,0.000623781,9.25E-05,1.24E-05,1.51E-06,1,2309,Kent State,,,14
3/16/17,0,1,0.033096506,0.005765631,0.00067438,4.82E-05,5.07E-06,6.79E-07,1,2653,Troy,,,15
3/16/17,0,1,0.033193621,0.003763286,0.000472824,6.03E-05,6.68E-06,6.79E-07,1,94,Northern Kentucky,,,15
3/16/17,0,1,0.020724661,0.002532644,0.000305103,2.24E-05,2.08E-06,1.79E-07,1,2640,Texas Southern,,,16
3/16/17,0,1,0.026181881,0.002149023,0.000258836,1.63E-05,1.49E-06,1.24E-07,1,55,Jacksonville State,,,15
3/16/17,1,1,0.016809355,0.001779988,0.000100427,8.00E-06,8.41E-07,8.01E-08,1,302,UC-Davis,,,16b
3/16/17,1,1,0,0,0,0,0,0,0,116,Mount St. Mary's,,,16a
3/16/17,0,1,0,0,0,0,0,0,0,259,Virginia Tech,,,9
3/16/17,0,1,0,0,0,0,0,0,0,350,North Carolina-Wilmington,,,12
3/16/17,0,1,0,0,0,0,0,0,0,2193,East Tennessee State,,,13
3/16/17,0,1,0,0,0,0,0,0,0,2571,South Dakota State,,,16
3/16/17,0,1,0,0,0,0,0,0,0,238,Vanderbilt,,,9
3/16/17,0,1,0,0,0,0,0,0,0,163,Princeton,,,12
3/16/17,0,1,0,0,0,0,0,0,0,2083,Bucknell,,,13
3/16/17,0,1,0,0,0,0,0,0,0,120,Maryland,,,6
3/16/17,0,1,0,0,0,0,0,0,0,526,Florida Gulf Coast,,,14
3/16/17,0,1,0,0,0,0,0,0,0,2670,Virginia Commonwealth,,,10
3/16/17,0,1,0,0,0,0,0,0,0,155,North Dakota,,,15
3/16/17,0,1,0,0,0,0,0,0,0,135,Minnesota,,,5
3/16/17,0,1,0,0,0,0,0,0,0,2737,Winthrop,,,13
3/16/17,0,1,0,0,0,0,0,0,0,2440,Nevada,,,12
3/16/17,0,1,0,0,0,0,0,0,0,261,Vermont,,,13
3/16/17,1,0,0,0,0,0,0,0,0,2443,New Orleans,,,16b
3/16/17,1,0,0,0,0,0,0,0,0,2507,Providence,,,11a
3/16/17,1,0,0,0,0,0,0,0,0,154,Wake Forest,,,11b
3/16/17,1,0,0,0,0,0,0,0,0,2428,North Carolina Central,,,16a
3/17/17,0,1,1,0.787549117,0.569191114,0.395965101,0.237103806,0.147207888,1,222,Villanova,,,1
3/17/17,0,1,1,0.881951066,0.61256986,0.417842048,0.23270025,0.139758701,1,2250,Gonzaga,,,1
3/17/17,0,1,1,0.812962427,0.548766059,0.378585742,0.210113587,0.103535927,1,2305,Kansas,,,1
3/17/17,0,1,1,0.673671972,0.456583346,0.289117712,0.161402766,0.079129948,1,96,Kentucky,,,2
3/17/17,0,1,1,0.777953651,0.552211445,0.253949175,0.129598177,0.070114907,1,150,Duke,,,2
3/17/17,0,1,1,0.821819319,0.582326802,0.29446529,0.152907617,0.069614391,1,153,North Carolina,,,1
3/17/17,0,1,1,0.673297582,0.474145435,0.21694984,0.110103809,0.049558147,1,97,Louisville,,,2
3/17/17,0,1,1,0.552600206,0.375586713,0.153456648,0.077325449,0.042770531,1,12,Arizona,,,2
3/17/17,0,1,1,0.685075367,0.264086665,0.147157139,0.068631468,0.03562047,1,277,West Virginia,,,4
3/17/17,0,1,1,0.53480993,0.191865378,0.105443657,0.051270213,0.026612129,1,258,Virginia,,,5
3/17/17,0,1,1,0.447399794,0.321802613,0.144625811,0.057134103,0.025852392,1,2608,Saint Mary's (CA),,,7
3/17/17,0,1,1,0.326328028,0.190705741,0.104490383,0.053985236,0.024452348,1,2724,Wichita State,,,10
3/17/17,0,1,1,0.608901849,0.199829584,0.092949921,0.050545327,0.024119787,1,26,UCLA,,,3
3/17/17,0,1,1,0.541709479,0.206605258,0.113172879,0.052184413,0.021354332,1,2509,Purdue,,,4
3/17/17,0,1,1,0.761875936,0.2900102,0.092951325,0.039619316,0.018371571,1,239,Baylor,,,3
3/17/17,0,1,1,0.458290521,0.177784789,0.098534965,0.044911159,0.01816947,1,66,Iowa State,,,5
3/17/17,0,1,1,0.391098151,0.152881329,0.080292981,0.036969393,0.014922926,1,2132,Cincinnati,,,6
3/17/17,0,1,1,0.677668426,0.233922899,0.071226914,0.031378308,0.012277561,1,2483,Oregon,,,3
3/17/17,0,1,1,0.702719741,0.253207245,0.091229468,0.034708849,0.011628469,1,2086,Butler,,,4
3/17/17,0,1,1,0.46519007,0.132838807,0.062861559,0.025727864,0.011521869,1,57,Florida,,,4
3/17/17,0,1,1,0.212450883,0.106104701,0.052654397,0.022791959,0.010709232,1,275,Wisconsin,,,8
3/17/17,0,1,1,0.700821376,0.231710262,0.070470296,0.025054532,0.01038405,1,52,Florida State,,,3
3/17/17,0,1,1,0.326702418,0.189741898,0.06530352,0.026403153,0.009502132,1,130,Michigan,,,7
3/17/17,0,1,1,0.314924633,0.088922305,0.039558223,0.014573382,0.006222103,1,87,Notre Dame,,,5
3/17/17,0,1,1,0.322331574,0.102189768,0.028707197,0.010146851,0.003207359,1,227,Rhode Island,,,11
3/17/17,0,1,1,0.187037573,0.066843893,0.027518943,0.009560081,0.002972093,1,127,Michigan State,,,9
3/17/17,0,1,1,0.178180681,0.087577357,0.027060894,0.009090217,0.002701582,1,8,Arkansas,,,8
3/17/17,0,1,1,0.222046349,0.099696647,0.024259551,0.007358781,0.00254381,1,2579,South Carolina,,,7
3/17/17,1,1,1,0.238124064,0.058081708,0.011915234,0.003918724,0.001453346,1,30,Southern California,,,11b
3/17/17,0,1,1,0.299178624,0.070900411,0.015946475,0.004313803,0.001418821,1,2752,Xavier,,,11
3/17/17,0,1,1,0.297280259,0.076888597,0.020393351,0.005589235,0.001367659,1,2393,Middle Tennessee,,,12
3/17/17,0,1,1,0.118048934,0.034421169,0.010943361,0.002878175,0.00092405,1,77,Northwestern,,,8
3/17/17,1,1,0,0,0,0,0,0,0,116,Mount St. Mary's,,,16a
3/17/17,0,1,0,0,0,0,0,0,0,259,Virginia Tech,,,9
3/17/17,0,1,0,0,0,0,0,0,0,350,North Carolina-Wilmington,,,12
3/17/17,0,1,0,0,0,0,0,0,0,2193,East Tennessee State,,,13
3/17/17,0,1,0,0,0,0,0,0,0,2567,Southern Methodist,,,6
3/17/17,0,1,0,0,0,0,0,0,0,166,New Mexico State,,,14
3/17/17,0,1,0,0,0,0,0,0,0,269,Marquette,,,10
3/17/17,0,1,0,0,0,0,0,0,0,2653,Troy,,,15
3/17/17,0,1,0,0,0,0,0,0,0,2571,South Dakota State,,,16
3/17/17,0,1,0,0,0,0,0,0,0,238,Vanderbilt,,,9
3/17/17,0,1,0,0,0,0,0,0,0,163,Princeton,,,12
3/17/17,0,1,0,0,0,0,0,0,0,2083,Bucknell,,,13
3/17/17,0,1,0,0,0,0,0,0,0,120,Maryland,,,6
3/17/17,0,1,0,0,0,0,0,0,0,526,Florida Gulf Coast,,,14
3/17/17,0,1,0,0,0,0,0,0,0,2670,Virginia Commonwealth,,,10
3/17/17,0,1,0,0,0,0,0,0,0,155,North Dakota,,,15
3/17/17,0,1,0,0,0,0,0,0,0,2640,Texas Southern,,,16
3/17/17,0,1,0,0,0,0,0,0,0,2550,Seton Hall,,,9
3/17/17,0,1,0,0,0,0,0,0,0,135,Minnesota,,,5
3/17/17,0,1,0,0,0,0,0,0,0,2737,Winthrop,,,13
3/17/17,1,1,0,0,0,0,0,0,0,2306,Kansas State,,,11a
3/17/17,0,1,0,0,0,0,0,0,0,2309,Kent State,,,14
3/17/17,0,1,0,0,0,0,0,0,0,2168,Dayton,,,7
3/17/17,0,1,0,0,0,0,0,0,0,94,Northern Kentucky,,,15
3/17/17,1,1,0,0,0,0,0,0,0,302,UC-Davis,,,16b
3/17/17,0,1,0,0,0,0,0,0,0,2390,Miami (FL),,,8
3/17/17,0,1,0,0,0,0,0,0,0,2440,Nevada,,,12
3/17/17,0,1,0,0,0,0,0,0,0,261,Vermont,,,13
3/17/17,0,1,0,0,0,0,0,0,0,156,Creighton,,,6
3/17/17,0,1,0,0,0,0,0,0,0,314,Iona,,,14
3/17/17,0,1,0,0,0,0,0,0,0,197,Oklahoma State,,,10
3/17/17,0,1,0,0,0,0,0,0,0,55,Jacksonville State,,,15
3/17/17,1,0,0,0,0,0,0,0,0,2443,New Orleans,,,16b
3/17/17,1,0,0,0,0,0,0,0,0,2507,Providence,,,11a
3/17/17,1,0,0,0,0,0,0,0,0,154,Wake Forest,,,11b
3/17/17,1,0,0,0,0,0,0,0,0,2428,North Carolina Central,,,16a
3/18/17,0,1,1,1,0.656168112,0.45896001,0.289065304,0.171059771,1,2250,Gonzaga,,,1
3/18/17,0,1,1,0.812962427,0.563693814,0.387986697,0.214422015,0.11120235,1,2305,Kansas,,,1
3/18/17,0,1,1,0.777953651,0.587758895,0.3649116,0.169773439,0.089233282,1,150,Duke,,,2
3/18/17,0,1,1,0.673671972,0.456583346,0.287225556,0.161170767,0.083439019,1,96,Kentucky,,,2
3/18/17,0,1,1,1,0.676927266,0.25799158,0.150063216,0.082121701,1,12,Arizona,,,2
3/18/17,0,1,1,0.821819319,0.562483171,0.285808754,0.149762372,0.072486187,1,153,North Carolina,,,1
3/18/17,0,1,1,1,0.343831888,0.200535856,0.109594651,0.056474431,1,277,West Virginia,,,4
3/18/17,0,1,1,0.673297582,0.474145435,0.219998485,0.111343875,0.053058688,1,97,Louisville,,,2
3/18/17,0,1,1,1,0.543787372,0.265893853,0.109507307,0.052182116,1,57,Florida,,,4
3/18/17,0,1,1,1,0.456212628,0.208128646,0.081464947,0.037255125,1,275,Wisconsin,,,8
3/18/17,0,1,1,1,0.365771553,0.194610833,0.086803434,0.036699224,1,2509,Purdue,,,4
3/18/17,0,1,1,0.326328028,0.190705741,0.10354826,0.053811565,0.025835858,1,2724,Wichita State,,,10
3/18/17,0,1,1,0.608901849,0.199829584,0.09184231,0.050222294,0.025345987,1,26,UCLA,,,3
3/18/17,0,1,1,0.761875936,0.257200761,0.109750267,0.043436325,0.020042942,1,239,Baylor,,,3
3/18/17,0,1,1,1,0.355487891,0.126496879,0.047916695,0.01701338,1,2086,Butler,,,4
3/18/17,0,1,1,0.391098151,0.152881329,0.079509376,0.03685324,0.015844264,1,2132,Cincinnati,,,6
3/18/17,0,1,1,0.677668426,0.233922899,0.072669046,0.031906002,0.013290988,1,2483,Oregon,,,3
3/18/17,0,1,1,1,0.323072734,0.082512554,0.032898414,0.01261779,1,2752,Xavier,,,11
3/18/17,0,1,1,0.326702418,0.189741898,0.066513684,0.026789393,0.010293576,1,130,Michigan,,,7
3/18/17,0,1,1,0.222046349,0.110240923,0.039842195,0.010678306,0.003573754,1,2579,South Carolina,,,7
3/18/17,0,1,1,0.322331574,0.102189768,0.029318742,0.010317346,0.003496105,1,227,Rhode Island,,,11
3/18/17,0,1,1,0.187037573,0.070534633,0.028902513,0.009964181,0.003312641,1,127,Michigan State,,,9
3/18/17,0,1,1,0.178180681,0.082028938,0.025568866,0.008716821,0.002803448,1,8,Arkansas,,,8
3/18/17,1,1,1,0.238124064,0.04479942,0.011473439,0.003518091,0.001317375,1,30,Southern California,,,11b
3/18/17,0,1,1,0,0,0,0,0,0,222,Villanova,,,1
3/18/17,0,1,1,0,0,0,0,0,0,258,Virginia,,,5
3/18/17,0,1,1,0,0,0,0,0,0,77,Northwestern,,,8
3/18/17,0,1,1,0,0,0,0,0,0,87,Notre Dame,,,5
3/18/17,0,1,1,0,0,0,0,0,0,52,Florida State,,,3
3/18/17,0,1,1,0,0,0,0,0,0,2608,Saint Mary's (CA),,,7
3/18/17,0,1,1,0,0,0,0,0,0,2393,Middle Tennessee,,,12
3/18/17,0,1,1,0,0,0,0,0,0,66,Iowa State,,,5
3/18/17,1,1,0,0,0,0,0,0,0,116,Mount St. Mary's,,,16a
3/18/17,0,1,0,0,0,0,0,0,0,259,Virginia Tech,,,9
3/18/17,0,1,0,0,0,0,0,0,0,350,North Carolina-Wilmington,,,12
3/18/17,0,1,0,0,0,0,0,0,0,2193,East Tennessee State,,,13
3/18/17,0,1,0,0,0,0,0,0,0,2567,Southern Methodist,,,6
3/18/17,0,1,0,0,0,0,0,0,0,166,New Mexico State,,,14
3/18/17,0,1,0,0,0,0,0,0,0,269,Marquette,,,10
3/18/17,0,1,0,0,0,0,0,0,0,2653,Troy,,,15
3/18/17,0,1,0,0,0,0,0,0,0,2571,South Dakota State,,,16
3/18/17,0,1,0,0,0,0,0,0,0,238,Vanderbilt,,,9
3/18/17,0,1,0,0,0,0,0,0,0,163,Princeton,,,12
3/18/17,0,1,0,0,0,0,0,0,0,2083,Bucknell,,,13
3/18/17,0,1,0,0,0,0,0,0,0,120,Maryland,,,6
3/18/17,0,1,0,0,0,0,0,0,0,526,Florida Gulf Coast,,,14
3/18/17,0,1,0,0,0,0,0,0,0,2670,Virginia Commonwealth,,,10
3/18/17,0,1,0,0,0,0,0,0,0,155,North Dakota,,,15
3/18/17,0,1,0,0,0,0,0,0,0,2640,Texas Southern,,,16
3/18/17,0,1,0,0,0,0,0,0,0,2550,Seton Hall,,,9
3/18/17,0,1,0,0,0,0,0,0,0,135,Minnesota,,,5
3/18/17,0,1,0,0,0,0,0,0,0,2737,Winthrop,,,13
3/18/17,1,1,0,0,0,0,0,0,0,2306,Kansas State,,,11a
3/18/17,0,1,0,0,0,0,0,0,0,2309,Kent State,,,14
3/18/17,0,1,0,0,0,0,0,0,0,2168,Dayton,,,7
3/18/17,0,1,0,0,0,0,0,0,0,94,Northern Kentucky,,,15
3/18/17,1,1,0,0,0,0,0,0,0,302,UC-Davis,,,16b
3/18/17,0,1,0,0,0,0,0,0,0,2390,Miami (FL),,,8
3/18/17,0,1,0,0,0,0,0,0,0,2440,Nevada,,,12
3/18/17,0,1,0,0,0,0,0,0,0,261,Vermont,,,13
3/18/17,0,1,0,0,0,0,0,0,0,156,Creighton,,,6
3/18/17,0,1,0,0,0,0,0,0,0,314,Iona,,,14
3/18/17,0,1,0,0,0,0,0,0,0,197,Oklahoma State,,,10
3/18/17,0,1,0,0,0,0,0,0,0,55,Jacksonville State,,,15
3/18/17,1,0,0,0,0,0,0,0,0,2443,New Orleans,,,16b
3/18/17,1,0,0,0,0,0,0,0,0,2507,Providence,,,11a
3/18/17,1,0,0,0,0,0,0,0,0,154,Wake Forest,,,11b
3/18/17,1,0,0,0,0,0,0,0,0,2428,North Carolina Central,,,16a
3/19/17,0,1,1,1,0.656168112,0.45896001,0.310524705,0.181821428,1,2250,Gonzaga,,,1
3/19/17,0,1,1,1,0.696751086,0.529246887,0.286310657,0.152602031,1,2305,Kansas,,,1
3/19/17,0,1,1,1,0.676173719,0.397263805,0.216468408,0.111677832,1,96,Kentucky,,,2
3/19/17,0,1,1,1,0.679491908,0.343275752,0.179634342,0.089176047,1,153,North Carolina,,,1
3/19/17,0,1,1,1,0.676927266,0.25799158,0.162769534,0.087988255,1,12,Arizona,,,2
3/19/17,0,1,1,1,0.543787372,0.337907558,0.134778372,0.062348096,1,57,Florida,,,4
3/19/17,0,1,1,1,0.343831888,0.200535856,0.119723716,0.060870312,1,277,West Virginia,,,4
3/19/17,0,1,1,1,0.456212628,0.268334888,0.101619986,0.04506676,1,275,Wisconsin,,,8
3/19/17,0,1,1,1,0.323826281,0.143739558,0.080058605,0.04217826,1,26,UCLA,,,3
3/19/17,0,1,1,1,0.562116141,0.232936383,0.089710236,0.040333857,1,239,Baylor,,,3
3/19/17,0,1,1,1,0.303248914,0.187543117,0.081586309,0.035794731,1,2509,Purdue,,,4
3/19/17,0,1,1,1,0.566105878,0.170567482,0.064965573,0.02534642,1,130,Michigan,,,7
3/19/17,0,1,1,1,0.433894122,0.112642514,0.046318463,0.019334548,1,2483,Oregon,,,3
3/19/17,0,1,1,1,0.320508092,0.115720885,0.044657644,0.016698154,1,2086,Butler,,,4
3/19/17,0,1,1,1,0.437883859,0.160821171,0.04381717,0.014794889,1,2579,South Carolina,,,7
3/19/17,0,1,1,1,0.323072734,0.082512554,0.037056281,0.01396838,1,2752,Xavier,,,11
3/19/17,0,1,1,0,0,0,0,0,0,222,Villanova,,,1
3/19/17,0,1,1,0,0,0,0,0,0,258,Virginia,,,5
3/19/17,1,1,1,0,0,0,0,0,0,30,Southern California,,,11b
3/19/17,0,1,1,0,0,0,0,0,0,150,Duke,,,2
3/19/17,0,1,1,0,0,0,0,0,0,77,Northwestern,,,8
3/19/17,0,1,1,0,0,0,0,0,0,87,Notre Dame,,,5
3/19/17,0,1,1,0,0,0,0,0,0,52,Florida State,,,3
3/19/17,0,1,1,0,0,0,0,0,0,2608,Saint Mary's (CA),,,7
3/19/17,0,1,1,0,0,0,0,0,0,8,Arkansas,,,8
3/19/17,0,1,1,0,0,0,0,0,0,2393,Middle Tennessee,,,12
3/19/17,0,1,1,0,0,0,0,0,0,2132,Cincinnati,,,6
3/19/17,0,1,1,0,0,0,0,0,0,2724,Wichita State,,,10
3/19/17,0,1,1,0,0,0,0,0,0,127,Michigan State,,,9
3/19/17,0,1,1,0,0,0,0,0,0,66,Iowa State,,,5
3/19/17,0,1,1,0,0,0,0,0,0,227,Rhode Island,,,11
3/19/17,0,1,1,0,0,0,0,0,0,97,Louisville,,,2
3/19/17,1,1,0,0,0,0,0,0,0,116,Mount St. Mary's,,,16a
3/19/17,0,1,0,0,0,0,0,0,0,259,Virginia Tech,,,9
3/19/17,0,1,0,0,0,0,0,0,0,350,North Carolina-Wilmington,,,12
3/19/17,0,1,0,0,0,0,0,0,0,2193,East Tennessee State,,,13
3/19/17,0,1,0,0,0,0,0,0,0,2567,Southern Methodist,,,6
3/19/17,0,1,0,0,0,0,0,0,0,166,New Mexico State,,,14
3/19/17,0,1,0,0,0,0,0,0,0,269,Marquette,,,10
3/19/17,0,1,0,0,0,0,0,0,0,2653,Troy,,,15
3/19/17,0,1,0,0,0,0,0,0,0,2571,South Dakota State,,,16
3/19/17,0,1,0,0,0,0,0,0,0,238,Vanderbilt,,,9
3/19/17,0,1,0,0,0,0,0,0,0,163,Princeton,,,12
3/19/17,0,1,0,0,0,0,0,0,0,2083,Bucknell,,,13
3/19/17,0,1,0,0,0,0,0,0,0,120,Maryland,,,6
3/19/17,0,1,0,0,0,0,0,0,0,526,Florida Gulf Coast,,,14
3/19/17,0,1,0,0,0,0,0,0,0,2670,Virginia Commonwealth,,,10
3/19/17,0,1,0,0,0,0,0,0,0,155,North Dakota,,,15
3/19/17,0,1,0,0,0,0,0,0,0,2640,Texas Southern,,,16
3/19/17,0,1,0,0,0,0,0,0,0,2550,Seton Hall,,,9
3/19/17,0,1,0,0,0,0,0,0,0,135,Minnesota,,,5
3/19/17,0,1,0,0,0,0,0,0,0,2737,Winthrop,,,13
3/19/17,1,1,0,0,0,0,0,0,0,2306,Kansas State,,,11a
3/19/17,0,1,0,0,0,0,0,0,0,2309,Kent State,,,14
3/19/17,0,1,0,0,0,0,0,0,0,2168,Dayton,,,7
3/19/17,0,1,0,0,0,0,0,0,0,94,Northern Kentucky,,,15
3/19/17,1,1,0,0,0,0,0,0,0,302,UC-Davis,,,16b
3/19/17,0,1,0,0,0,0,0,0,0,2390,Miami (FL),,,8
3/19/17,0,1,0,0,0,0,0,0,0,2440,Nevada,,,12
3/19/17,0,1,0,0,0,0,0,0,0,261,Vermont,,,13
3/19/17,0,1,0,0,0,0,0,0,0,156,Creighton,,,6
3/19/17,0,1,0,0,0,0,0,0,0,314,Iona,,,14
3/19/17,0,1,0,0,0,0,0,0,0,197,Oklahoma State,,,10
3/19/17,0,1,0,0,0,0,0,0,0,55,Jacksonville State,,,15
3/19/17,1,0,0,0,0,0,0,0,0,2443,New Orleans,,,16b
3/19/17,1,0,0,0,0,0,0,0,0,2507,Providence,,,11a
3/19/17,1,0,0,0,0,0,0,0,0,154,Wake Forest,,,11b
3/19/17,1,0,0,0,0,0,0,0,0,2428,North Carolina Central,,,16a
3/23/17,0,1,1,1,1,0.783583138,0.506367914,0.267213545,1,2250,Gonzaga,,,1
3/23/17,0,1,1,1,1,0.822252439,0.464439487,0.265791175,1,2305,Kansas,,,1
3/23/17,0,1,1,1,0.676173719,0.397263805,0.194792847,0.105134197,1,96,Kentucky,,,2
3/23/17,0,1,1,1,0.679491908,0.343275752,0.160883944,0.083719171,1,153,North Carolina,,,1
3/23/17,0,1,1,1,0.543787372,0.337907558,0.145872397,0.062968536,1,57,Florida,,,4
3/23/17,0,1,1,1,0.456212628,0.268334888,0.110393797,0.045577327,1,275,Wisconsin,,,8
3/23/17,0,1,1,1,0.562116141,0.232936383,0.097339418,0.040772614,1,239,Baylor,,,3
3/23/17,0,1,1,1,0.323826281,0.143739558,0.072233786,0.039768186,1,26,UCLA,,,3
3/23/17,0,1,1,1,1,0.216416862,0.091392048,0.030075955,1,2752,Xavier,,,11
3/23/17,0,1,1,1,1,0.177747561,0.068811266,0.028477457,1,2483,Oregon,,,3
3/23/17,0,1,1,1,0.320508092,0.115720885,0.038838669,0.015401411,1,2086,Butler,,,4
3/23/17,0,1,1,1,0.437883859,0.160821171,0.048634426,0.015100427,1,2579,South Carolina,,,7
3/23/17,0,1,1,1,0,0,0,0,0,277,West Virginia,,,4
3/23/17,0,1,1,1,0,0,0,0,0,12,Arizona,,,2
3/23/17,0,1,1,1,0,0,0,0,0,2509,Purdue,,,4
3/23/17,0,1,1,1,0,0,0,0,0,130,Michigan,,,7
3/23/17,0,1,1,0,0,0,0,0,0,222,Villanova,,,1
3/23/17,0,1,1,0,0,0,0,0,0,258,Virginia,,,5
3/23/17,1,1,1,0,0,0,0,0,0,30,Southern California,,,11b
3/23/17,0,1,1,0,0,0,0,0,0,150,Duke,,,2
3/23/17,0,1,1,0,0,0,0,0,0,77,Northwestern,,,8
3/23/17,0,1,1,0,0,0,0,0,0,87,Notre Dame,,,5
3/23/17,0,1,1,0,0,0,0,0,0,52,Florida State,,,3
3/23/17,0,1,1,0,0,0,0,0,0,2608,Saint Mary's (CA),,,7
3/23/17,0,1,1,0,0,0,0,0,0,8,Arkansas,,,8
3/23/17,0,1,1,0,0,0,0,0,0,2393,Middle Tennessee,,,12
3/23/17,0,1,1,0,0,0,0,0,0,2132,Cincinnati,,,6
3/23/17,0,1,1,0,0,0,0,0,0,2724,Wichita State,,,10
3/23/17,0,1,1,0,0,0,0,0,0,127,Michigan State,,,9
3/23/17,0,1,1,0,0,0,0,0,0,66,Iowa State,,,5
3/23/17,0,1,1,0,0,0,0,0,0,227,Rhode Island,,,11
3/23/17,0,1,1,0,0,0,0,0,0,97,Louisville,,,2
3/23/17,1,1,0,0,0,0,0,0,0,116,Mount St. Mary's,,,16a
3/23/17,0,1,0,0,0,0,0,0,0,259,Virginia Tech,,,9
3/23/17,0,1,0,0,0,0,0,0,0,350,North Carolina-Wilmington,,,12
3/23/17,0,1,0,0,0,0,0,0,0,2193,East Tennessee State,,,13
3/23/17,0,1,0,0,0,0,0,0,0,2567,Southern Methodist,,,6
3/23/17,0,1,0,0,0,0,0,0,0,166,New Mexico State,,,14
3/23/17,0,1,0,0,0,0,0,0,0,269,Marquette,,,10
3/23/17,0,1,0,0,0,0,0,0,0,2653,Troy,,,15
3/23/17,0,1,0,0,0,0,0,0,0,2571,South Dakota State,,,16
3/23/17,0,1,0,0,0,0,0,0,0,238,Vanderbilt,,,9
3/23/17,0,1,0,0,0,0,0,0,0,163,Princeton,,,12
3/23/17,0,1,0,0,0,0,0,0,0,2083,Bucknell,,,13
3/23/17,0,1,0,0,0,0,0,0,0,120,Maryland,,,6
3/23/17,0,1,0,0,0,0,0,0,0,526,Florida Gulf Coast,,,14
3/23/17,0,1,0,0,0,0,0,0,0,2670,Virginia Commonwealth,,,10
3/23/17,0,1,0,0,0,0,0,0,0,155,North Dakota,,,15
3/23/17,0,1,0,0,0,0,0,0,0,2640,Texas Southern,,,16
3/23/17,0,1,0,0,0,0,0,0,0,2550,Seton Hall,,,9
3/23/17,0,1,0,0,0,0,0,0,0,135,Minnesota,,,5
3/23/17,0,1,0,0,0,0,0,0,0,2737,Winthrop,,,13
3/23/17,1,1,0,0,0,0,0,0,0,2306,Kansas State,,,11a
3/23/17,0,1,0,0,0,0,0,0,0,2309,Kent State,,,14
3/23/17,0,1,0,0,0,0,0,0,0,2168,Dayton,,,7
3/23/17,0,1,0,0,0,0,0,0,0,94,Northern Kentucky,,,15
3/23/17,1,1,0,0,0,0,0,0,0,302,UC-Davis,,,16b
3/23/17,0,1,0,0,0,0,0,0,0,2390,Miami (FL),,,8
3/23/17,0,1,0,0,0,0,0,0,0,2440,Nevada,,,12
3/23/17,0,1,0,0,0,0,0,0,0,261,Vermont,,,13
3/23/17,0,1,0,0,0,0,0,0,0,156,Creighton,,,6
3/23/17,0,1,0,0,0,0,0,0,0,314,Iona,,,14
3/23/17,0,1,0,0,0,0,0,0,0,197,Oklahoma State,,,10
3/23/17,0,1,0,0,0,0,0,0,0,55,Jacksonville State,,,15
3/23/17,1,0,0,0,0,0,0,0,0,2443,New Orleans,,,16b
3/23/17,1,0,0,0,0,0,0,0,0,2507,Providence,,,11a
3/23/17,1,0,0,0,0,0,0,0,0,154,Wake Forest,,,11b
3/23/17,1,0,0,0,0,0,0,0,0,2428,North Carolina Central,,,16a
3/24/17,0,1,1,1,1,0.783583138,0.51560283,0.269254399,1,2250,Gonzaga,,,1
3/24/17,0,1,1,1,1,0.822252439,0.453686681,0.262132741,1,2305,Kansas,,,1
3/24/17,0,1,1,1,1,0.560509293,0.27790611,0.152547409,1,96,Kentucky,,,2
3/24/17,0,1,1,1,1,0.592792165,0.252046404,0.106145105,1,57,Florida,,,4
3/24/17,0,1,1,1,1,0.439490707,0.202094676,0.104455338,1,153,North Carolina,,,1
3/24/17,0,1,1,1,1,0.407207835,0.138258896,0.047181616,1,2579,South Carolina,,,7
3/24/17,0,1,1,1,1,0.216416862,0.094091871,0.030448203,1,2752,Xavier,,,11
3/24/17,0,1,1,1,1,0.177747561,0.066312533,0.027835189,1,2483,Oregon,,,3
3/24/17,0,1,1,1,0,0,0,0,0,275,Wisconsin,,,8
3/24/17,0,1,1,1,0,0,0,0,0,239,Baylor,,,3
3/24/17,0,1,1,1,0,0,0,0,0,277,West Virginia,,,4
3/24/17,0,1,1,1,0,0,0,0,0,12,Arizona,,,2
3/24/17,0,1,1,1,0,0,0,0,0,2086,Butler,,,4
3/24/17,0,1,1,1,0,0,0,0,0,26,UCLA,,,3
3/24/17,0,1,1,1,0,0,0,0,0,2509,Purdue,,,4
3/24/17,0,1,1,1,0,0,0,0,0,130,Michigan,,,7
3/24/17,0,1,1,0,0,0,0,0,0,222,Villanova,,,1
3/24/17,0,1,1,0,0,0,0,0,0,258,Virginia,,,5
3/24/17,1,1,1,0,0,0,0,0,0,30,Southern California,,,11b
3/24/17,0,1,1,0,0,0,0,0,0,150,Duke,,,2
3/24/17,0,1,1,0,0,0,0,0,0,77,Northwestern,,,8
3/24/17,0,1,1,0,0,0,0,0,0,87,Notre Dame,,,5
3/24/17,0,1,1,0,0,0,0,0,0,52,Florida State,,,3
3/24/17,0,1,1,0,0,0,0,0,0,2608,Saint Mary's (CA),,,7
3/24/17,0,1,1,0,0,0,0,0,0,8,Arkansas,,,8
3/24/17,0,1,1,0,0,0,0,0,0,2393,Middle Tennessee,,,12
3/24/17,0,1,1,0,0,0,0,0,0,2132,Cincinnati,,,6
3/24/17,0,1,1,0,0,0,0,0,0,2724,Wichita State,,,10
3/24/17,0,1,1,0,0,0,0,0,0,127,Michigan State,,,9
3/24/17,0,1,1,0,0,0,0,0,0,66,Iowa State,,,5
3/24/17,0,1,1,0,0,0,0,0,0,227,Rhode Island,,,11
3/24/17,0,1,1,0,0,0,0,0,0,97,Louisville,,,2
3/24/17,1,1,0,0,0,0,0,0,0,116,Mount St. Mary's,,,16a
3/24/17,0,1,0,0,0,0,0,0,0,259,Virginia Tech,,,9
3/24/17,0,1,0,0,0,0,0,0,0,350,North Carolina-Wilmington,,,12
3/24/17,0,1,0,0,0,0,0,0,0,2193,East Tennessee State,,,13
3/24/17,0,1,0,0,0,0,0,0,0,2567,Southern Methodist,,,6
3/24/17,0,1,0,0,0,0,0,0,0,166,New Mexico State,,,14
3/24/17,0,1,0,0,0,0,0,0,0,269,Marquette,,,10
3/24/17,0,1,0,0,0,0,0,0,0,2653,Troy,,,15
3/24/17,0,1,0,0,0,0,0,0,0,2571,South Dakota State,,,16
3/24/17,0,1,0,0,0,0,0,0,0,238,Vanderbilt,,,9
3/24/17,0,1,0,0,0,0,0,0,0,163,Princeton,,,12
3/24/17,0,1,0,0,0,0,0,0,0,2083,Bucknell,,,13
3/24/17,0,1,0,0,0,0,0,0,0,120,Maryland,,,6
3/24/17,0,1,0,0,0,0,0,0,0,526,Florida Gulf Coast,,,14
3/24/17,0,1,0,0,0,0,0,0,0,2670,Virginia Commonwealth,,,10
3/24/17,0,1,0,0,0,0,0,0,0,155,North Dakota,,,15
3/24/17,0,1,0,0,0,0,0,0,0,2640,Texas Southern,,,16
3/24/17,0,1,0,0,0,0,0,0,0,2550,Seton Hall,,,9
3/24/17,0,1,0,0,0,0,0,0,0,135,Minnesota,,,5
3/24/17,0,1,0,0,0,0,0,0,0,2737,Winthrop,,,13
3/24/17,1,1,0,0,0,0,0,0,0,2306,Kansas State,,,11a
3/24/17,0,1,0,0,0,0,0,0,0,2309,Kent State,,,14
3/24/17,0,1,0,0,0,0,0,0,0,2168,Dayton,,,7
3/24/17,0,1,0,0,0,0,0,0,0,94,Northern Kentucky,,,15
3/24/17,1,1,0,0,0,0,0,0,0,302,UC-Davis,,,16b
3/24/17,0,1,0,0,0,0,0,0,0,2390,Miami (FL),,,8
3/24/17,0,1,0,0,0,0,0,0,0,2440,Nevada,,,12
3/24/17,0,1,0,0,0,0,0,0,0,261,Vermont,,,13
3/24/17,0,1,0,0,0,0,0,0,0,156,Creighton,,,6
3/24/17,0,1,0,0,0,0,0,0,0,314,Iona,,,14
3/24/17,0,1,0,0,0,0,0,0,0,197,Oklahoma State,,,10
3/24/17,0,1,0,0,0,0,0,0,0,55,Jacksonville State,,,15
3/24/17,1,0,0,0,0,0,0,0,0,2443,New Orleans,,,16b
3/24/17,1,0,0,0,0,0,0,0,0,2507,Providence,,,11a
3/24/17,1,0,0,0,0,0,0,0,0,154,Wake Forest,,,11b
3/24/17,1,0,0,0,0,0,0,0,0,2428,North Carolina Central,,,16a
3/25/17,0,1,1,1,1,1,0.660705037,0.379014958,1,2250,Gonzaga,,,1
3/25/17,0,1,1,1,1,1,0.42121273,0.182683257,1,2483,Oregon,,,3
3/25/17,0,1,1,1,1,0.560509293,0.333251269,0.169878267,1,96,Kentucky,,,2
3/25/17,0,1,1,1,1,0.439490707,0.245536001,0.117193684,1,153,North Carolina,,,1
3/25/17,0,1,1,1,1,0.592792165,0.221245343,0.1050495,1,57,Florida,,,4
3/25/17,0,1,1,1,1,0.407207835,0.11804962,0.046180334,1,2579,South Carolina,,,7
3/25/17,0,1,1,1,1,0,0,0,0,2752,Xavier,,,11
3/25/17,0,1,1,1,1,0,0,0,0,2305,Kansas,,,1
3/25/17,0,1,1,1,0,0,0,0,0,275,Wisconsin,,,8
3/25/17,0,1,1,1,0,0,0,0,0,239,Baylor,,,3
3/25/17,0,1,1,1,0,0,0,0,0,277,West Virginia,,,4
3/25/17,0,1,1,1,0,0,0,0,0,12,Arizona,,,2
3/25/17,0,1,1,1,0,0,0,0,0,2086,Butler,,,4
3/25/17,0,1,1,1,0,0,0,0,0,26,UCLA,,,3
3/25/17,0,1,1,1,0,0,0,0,0,2509,Purdue,,,4
3/25/17,0,1,1,1,0,0,0,0,0,130,Michigan,,,7
3/25/17,0,1,1,0,0,0,0,0,0,222,Villanova,,,1
3/25/17,0,1,1,0,0,0,0,0,0,258,Virginia,,,5
3/25/17,1,1,1,0,0,0,0,0,0,30,Southern California,,,11b
3/25/17,0,1,1,0,0,0,0,0,0,150,Duke,,,2
3/25/17,0,1,1,0,0,0,0,0,0,77,Northwestern,,,8
3/25/17,0,1,1,0,0,0,0,0,0,87,Notre Dame,,,5
3/25/17,0,1,1,0,0,0,0,0,0,52,Florida State,,,3
3/25/17,0,1,1,0,0,0,0,0,0,2608,Saint Mary's (CA),,,7
3/25/17,0,1,1,0,0,0,0,0,0,8,Arkansas,,,8
3/25/17,0,1,1,0,0,0,0,0,0,2393,Middle Tennessee,,,12
3/25/17,0,1,1,0,0,0,0,0,0,2132,Cincinnati,,,6
3/25/17,0,1,1,0,0,0,0,0,0,2724,Wichita State,,,10
3/25/17,0,1,1,0,0,0,0,0,0,127,Michigan State,,,9
3/25/17,0,1,1,0,0,0,0,0,0,66,Iowa State,,,5
3/25/17,0,1,1,0,0,0,0,0,0,227,Rhode Island,,,11
3/25/17,0,1,1,0,0,0,0,0,0,97,Louisville,,,2
3/25/17,1,1,0,0,0,0,0,0,0,116,Mount St. Mary's,,,16a
3/25/17,0,1,0,0,0,0,0,0,0,259,Virginia Tech,,,9
3/25/17,0,1,0,0,0,0,0,0,0,350,North Carolina-Wilmington,,,12
3/25/17,0,1,0,0,0,0,0,0,0,2193,East Tennessee State,,,13
3/25/17,0,1,0,0,0,0,0,0,0,2567,Southern Methodist,,,6
3/25/17,0,1,0,0,0,0,0,0,0,166,New Mexico State,,,14
3/25/17,0,1,0,0,0,0,0,0,0,269,Marquette,,,10
3/25/17,0,1,0,0,0,0,0,0,0,2653,Troy,,,15
3/25/17,0,1,0,0,0,0,0,0,0,2571,South Dakota State,,,16
3/25/17,0,1,0,0,0,0,0,0,0,238,Vanderbilt,,,9
3/25/17,0,1,0,0,0,0,0,0,0,163,Princeton,,,12
3/25/17,0,1,0,0,0,0,0,0,0,2083,Bucknell,,,13
3/25/17,0,1,0,0,0,0,0,0,0,120,Maryland,,,6
3/25/17,0,1,0,0,0,0,0,0,0,526,Florida Gulf Coast,,,14
3/25/17,0,1,0,0,0,0,0,0,0,2670,Virginia Commonwealth,,,10
3/25/17,0,1,0,0,0,0,0,0,0,155,North Dakota,,,15
3/25/17,0,1,0,0,0,0,0,0,0,2640,Texas Southern,,,16
3/25/17,0,1,0,0,0,0,0,0,0,2550,Seton Hall,,,9
3/25/17,0,1,0,0,0,0,0,0,0,135,Minnesota,,,5
3/25/17,0,1,0,0,0,0,0,0,0,2737,Winthrop,,,13
3/25/17,1,1,0,0,0,0,0,0,0,2306,Kansas State,,,11a
3/25/17,0,1,0,0,0,0,0,0,0,2309,Kent State,,,14
3/25/17,0,1,0,0,0,0,0,0,0,2168,Dayton,,,7
3/25/17,0,1,0,0,0,0,0,0,0,94,Northern Kentucky,,,15
3/25/17,1,1,0,0,0,0,0,0,0,302,UC-Davis,,,16b
3/25/17,0,1,0,0,0,0,0,0,0,2390,Miami (FL),,,8
3/25/17,0,1,0,0,0,0,0,0,0,2440,Nevada,,,12
3/25/17,0,1,0,0,0,0,0,0,0,261,Vermont,,,13
3/25/17,0,1,0,0,0,0,0,0,0,156,Creighton,,,6
3/25/17,0,1,0,0,0,0,0,0,0,314,Iona,,,14
3/25/17,0,1,0,0,0,0,0,0,0,197,Oklahoma State,,,10
3/25/17,0,1,0,0,0,0,0,0,0,55,Jacksonville State,,,15
3/25/17,1,0,0,0,0,0,0,0,0,2443,New Orleans,,,16b
3/25/17,1,0,0,0,0,0,0,0,0,2507,Providence,,,11a
3/25/17,1,0,0,0,0,0,0,0,0,154,Wake Forest,,,11b
3/25/17,1,0,0,0,0,0,0,0,0,2428,North Carolina Central,,,16a
3/26/17,0,1,1,1,1,1,0.688488325,0.415702252,1,2250,Gonzaga,,,1
3/26/17,0,1,1,1,1,1,0.521927373,0.236593372,1,153,North Carolina,,,1
3/26/17,0,1,1,1,1,1,0.478072627,0.208672258,1,2483,Oregon,,,3
3/26/17,0,1,1,1,1,1,0.311511675,0.139032118,1,2579,South Carolina,,,7
3/26/17,0,1,1,1,1,0,0,0,0,57,Florida,,,4
3/26/17,0,1,1,1,1,0,0,0,0,2752,Xavier,,,11
3/26/17,0,1,1,1,1,0,0,0,0,96,Kentucky,,,2
3/26/17,0,1,1,1,1,0,0,0,0,2305,Kansas,,,1
3/26/17,0,1,1,1,0,0,0,0,0,275,Wisconsin,,,8
3/26/17,0,1,1,1,0,0,0,0,0,239,Baylor,,,3
3/26/17,0,1,1,1,0,0,0,0,0,277,West Virginia,,,4
3/26/17,0,1,1,1,0,0,0,0,0,12,Arizona,,,2
3/26/17,0,1,1,1,0,0,0,0,0,2086,Butler,,,4
3/26/17,0,1,1,1,0,0,0,0,0,26,UCLA,,,3
3/26/17,0,1,1,1,0,0,0,0,0,2509,Purdue,,,4
3/26/17,0,1,1,1,0,0,0,0,0,130,Michigan,,,7
3/26/17,0,1,1,0,0,0,0,0,0,222,Villanova,,,1
3/26/17,0,1,1,0,0,0,0,0,0,258,Virginia,,,5
3/26/17,1,1,1,0,0,0,0,0,0,30,Southern California,,,11b
3/26/17,0,1,1,0,0,0,0,0,0,150,Duke,,,2
3/26/17,0,1,1,0,0,0,0,0,0,77,Northwestern,,,8
3/26/17,0,1,1,0,0,0,0,0,0,87,Notre Dame,,,5
3/26/17,0,1,1,0,0,0,0,0,0,52,Florida State,,,3
3/26/17,0,1,1,0,0,0,0,0,0,2608,Saint Mary's (CA),,,7
3/26/17,0,1,1,0,0,0,0,0,0,8,Arkansas,,,8
3/26/17,0,1,1,0,0,0,0,0,0,2393,Middle Tennessee,,,12
3/26/17,0,1,1,0,0,0,0,0,0,2132,Cincinnati,,,6
3/26/17,0,1,1,0,0,0,0,0,0,2724,Wichita State,,,10
3/26/17,0,1,1,0,0,0,0,0,0,127,Michigan State,,,9
3/26/17,0,1,1,0,0,0,0,0,0,66,Iowa State,,,5
3/26/17,0,1,1,0,0,0,0,0,0,227,Rhode Island,,,11
3/26/17,0,1,1,0,0,0,0,0,0,97,Louisville,,,2
3/26/17,1,1,0,0,0,0,0,0,0,116,Mount St. Mary's,,,16a
3/26/17,0,1,0,0,0,0,0,0,0,259,Virginia Tech,,,9
3/26/17,0,1,0,0,0,0,0,0,0,350,North Carolina-Wilmington,,,12
3/26/17,0,1,0,0,0,0,0,0,0,2193,East Tennessee State,,,13
3/26/17,0,1,0,0,0,0,0,0,0,2567,Southern Methodist,,,6
3/26/17,0,1,0,0,0,0,0,0,0,166,New Mexico State,,,14
3/26/17,0,1,0,0,0,0,0,0,0,269,Marquette,,,10
3/26/17,0,1,0,0,0,0,0,0,0,2653,Troy,,,15
3/26/17,0,1,0,0,0,0,0,0,0,2571,South Dakota State,,,16
3/26/17,0,1,0,0,0,0,0,0,0,238,Vanderbilt,,,9
3/26/17,0,1,0,0,0,0,0,0,0,163,Princeton,,,12
3/26/17,0,1,0,0,0,0,0,0,0,2083,Bucknell,,,13
3/26/17,0,1,0,0,0,0,0,0,0,120,Maryland,,,6
3/26/17,0,1,0,0,0,0,0,0,0,526,Florida Gulf Coast,,,14
3/26/17,0,1,0,0,0,0,0,0,0,2670,Virginia Commonwealth,,,10
3/26/17,0,1,0,0,0,0,0,0,0,155,North Dakota,,,15
3/26/17,0,1,0,0,0,0,0,0,0,2640,Texas Southern,,,16
3/26/17,0,1,0,0,0,0,0,0,0,2550,Seton Hall,,,9
3/26/17,0,1,0,0,0,0,0,0,0,135,Minnesota,,,5
3/26/17,0,1,0,0,0,0,0,0,0,2737,Winthrop,,,13
3/26/17,1,1,0,0,0,0,0,0,0,2306,Kansas State,,,11a
3/26/17,0,1,0,0,0,0,0,0,0,2309,Kent State,,,14
3/26/17,0,1,0,0,0,0,0,0,0,2168,Dayton,,,7
3/26/17,0,1,0,0,0,0,0,0,0,94,Northern Kentucky,,,15
3/26/17,1,1,0,0,0,0,0,0,0,302,UC-Davis,,,16b
3/26/17,0,1,0,0,0,0,0,0,0,2390,Miami (FL),,,8
3/26/17,0,1,0,0,0,0,0,0,0,2440,Nevada,,,12
3/26/17,0,1,0,0,0,0,0,0,0,261,Vermont,,,13
3/26/17,0,1,0,0,0,0,0,0,0,156,Creighton,,,6
3/26/17,0,1,0,0,0,0,0,0,0,314,Iona,,,14
3/26/17,0,1,0,0,0,0,0,0,0,197,Oklahoma State,,,10
3/26/17,0,1,0,0,0,0,0,0,0,55,Jacksonville State,,,15
3/26/17,1,0,0,0,0,0,0,0,0,2443,New Orleans,,,16b
3/26/17,1,0,0,0,0,0,0,0,0,2507,Providence,,,11a
3/26/17,1,0,0,0,0,0,0,0,0,154,Wake Forest,,,11b
3/26/17,1,0,0,0,0,0,0,0,0,2428,North Carolina Central,,,16a
4/1/17,0,1,1,1,1,1,1,0.620690364,1,2250,Gonzaga,,,1
4/1/17,0,1,1,1,1,1,1,0.379309636,1,153,North Carolina,,,1
4/1/17,0,1,1,1,1,1,0,0,0,2579,South Carolina,,,7
4/1/17,0,1,1,1,1,1,0,0,0,2483,Oregon,,,3
4/1/17,0,1,1,1,1,0,0,0,0,57,Florida,,,4
4/1/17,0,1,1,1,1,0,0,0,0,2752,Xavier,,,11
4/1/17,0,1,1,1,1,0,0,0,0,96,Kentucky,,,2
4/1/17,0,1,1,1,1,0,0,0,0,2305,Kansas,,,1
4/1/17,0,1,1,1,0,0,0,0,0,275,Wisconsin,,,8
4/1/17,0,1,1,1,0,0,0,0,0,239,Baylor,,,3
4/1/17,0,1,1,1,0,0,0,0,0,277,West Virginia,,,4
4/1/17,0,1,1,1,0,0,0,0,0,12,Arizona,,,2
4/1/17,0,1,1,1,0,0,0,0,0,2086,Butler,,,4
4/1/17,0,1,1,1,0,0,0,0,0,26,UCLA,,,3
4/1/17,0,1,1,1,0,0,0,0,0,2509,Purdue,,,4
4/1/17,0,1,1,1,0,0,0,0,0,130,Michigan,,,7
4/1/17,0,1,1,0,0,0,0,0,0,222,Villanova,,,1
4/1/17,0,1,1,0,0,0,0,0,0,258,Virginia,,,5
4/1/17,1,1,1,0,0,0,0,0,0,30,Southern California,,,11b
4/1/17,0,1,1,0,0,0,0,0,0,150,Duke,,,2
4/1/17,0,1,1,0,0,0,0,0,0,77,Northwestern,,,8
4/1/17,0,1,1,0,0,0,0,0,0,87,Notre Dame,,,5
4/1/17,0,1,1,0,0,0,0,0,0,52,Florida State,,,3
4/1/17,0,1,1,0,0,0,0,0,0,2608,Saint Mary's (CA),,,7
4/1/17,0,1,1,0,0,0,0,0,0,8,Arkansas,,,8
4/1/17,0,1,1,0,0,0,0,0,0,2393,Middle Tennessee,,,12
4/1/17,0,1,1,0,0,0,0,0,0,2132,Cincinnati,,,6
4/1/17,0,1,1,0,0,0,0,0,0,2724,Wichita State,,,10
4/1/17,0,1,1,0,0,0,0,0,0,127,Michigan State,,,9
4/1/17,0,1,1,0,0,0,0,0,0,66,Iowa State,,,5
4/1/17,0,1,1,0,0,0,0,0,0,227,Rhode Island,,,11
4/1/17,0,1,1,0,0,0,0,0,0,97,Louisville,,,2
4/1/17,1,1,0,0,0,0,0,0,0,116,Mount St. Mary's,,,16a
4/1/17,0,1,0,0,0,0,0,0,0,259,Virginia Tech,,,9
4/1/17,0,1,0,0,0,0,0,0,0,350,North Carolina-Wilmington,,,12
4/1/17,0,1,0,0,0,0,0,0,0,2193,East Tennessee State,,,13
4/1/17,0,1,0,0,0,0,0,0,0,2567,Southern Methodist,,,6
4/1/17,0,1,0,0,0,0,0,0,0,166,New Mexico State,,,14
4/1/17,0,1,0,0,0,0,0,0,0,269,Marquette,,,10
4/1/17,0,1,0,0,0,0,0,0,0,2653,Troy,,,15
4/1/17,0,1,0,0,0,0,0,0,0,2571,South Dakota State,,,16
4/1/17,0,1,0,0,0,0,0,0,0,238,Vanderbilt,,,9
4/1/17,0,1,0,0,0,0,0,0,0,163,Princeton,,,12
4/1/17,0,1,0,0,0,0,0,0,0,2083,Bucknell,,,13
4/1/17,0,1,0,0,0,0,0,0,0,120,Maryland,,,6
4/1/17,0,1,0,0,0,0,0,0,0,526,Florida Gulf Coast,,,14
4/1/17,0,1,0,0,0,0,0,0,0,2670,Virginia Commonwealth,,,10
4/1/17,0,1,0,0,0,0,0,0,0,155,North Dakota,,,15
4/1/17,0,1,0,0,0,0,0,0,0,2640,Texas Southern,,,16
4/1/17,0,1,0,0,0,0,0,0,0,2550,Seton Hall,,,9
4/1/17,0,1,0,0,0,0,0,0,0,135,Minnesota,,,5
4/1/17,0,1,0,0,0,0,0,0,0,2737,Winthrop,,,13
4/1/17,1,1,0,0,0,0,0,0,0,2306,Kansas State,,,11a
4/1/17,0,1,0,0,0,0,0,0,0,2309,Kent State,,,14
4/1/17,0,1,0,0,0,0,0,0,0,2168,Dayton,,,7
4/1/17,0,1,0,0,0,0,0,0,0,94,Northern Kentucky,,,15
4/1/17,1,1,0,0,0,0,0,0,0,302,UC-Davis,,,16b
4/1/17,0,1,0,0,0,0,0,0,0,2390,Miami (FL),,,8
4/1/17,0,1,0,0,0,0,0,0,0,2440,Nevada,,,12
4/1/17,0,1,0,0,0,0,0,0,0,261,Vermont,,,13
4/1/17,0,1,0,0,0,0,0,0,0,156,Creighton,,,6
4/1/17,0,1,0,0,0,0,0,0,0,314,Iona,,,14
4/1/17,0,1,0,0,0,0,0,0,0,197,Oklahoma State,,,10
4/1/17,0,1,0,0,0,0,0,0,0,55,Jacksonville State,,,15
4/1/17,1,0,0,0,0,0,0,0,0,2443,New Orleans,,,16b
4/1/17,1,0,0,0,0,0,0,0,0,2507,Providence,,,11a
4/1/17,1,0,0,0,0,0,0,0,0,154,Wake Forest,,,11b
4/1/17,1,0,0,0,0,0,0,0,0,2428,North Carolina Central,,,16a
,,,,,,,,,,,,,,
,,,,,,,,,,,,,,
,,,,,,,,,,,,,,
,,,,,,,,,,,,,,
,,,,,,,,,,,,,,
,,,,,,,,,,,,,,
,,,,,,,,,,,,,,
,,,,,,,,,,,,,,
,,,,,,,,,,,,,,
,,,,,,,,,,,,,,
,,,,,,,,,,,,,,
,,,,,,,,,,,,,,
,,,,,,,,,,,,,,
,,,,,,,,,,,,,,
,,,,,,,,,,,,,,
,,,,,,,,,,,,,,
,,,,,,,,,,,,,,
,,,,,,,,,,,,,,
,,,,,,,,,,,,,,
,,,,,,,,,,,,,,
,,,,,,,,,,,,,,
,,,,,,,,,,,,,,
,,,,,,,,,,,,,,
,,,,,,,,,,,,,,
,,,,,,,,,,,,,,
,,,,,,,,,,,,,,
,,,,,,,,,,,,,,
,,,,,,,,,,,,,,
,,,,,,,,,,,,,,
,,,,,,,,,,,,,,
,,,,,,,,,,,,,,
,,,,,,,,,,,,,,
,,,,,,,,,,,,,,
,,,,,,,,,,,,,,
,,,,,,,,,,,,,,
,,,,,,,,,,,,,,
,,,,,,,,,,,,,,
,,,,,,,,,,,,,,
,,,,,,,,,,,,,,
,,,,,,,,,,,,,,
,,,,,,,,,,,,,,
,,,,,,,,,,,,,,
,,,,,,,,,,,,,,
,,,,,,,,,,,,,,
,,,,,,,,,,,,,,
,,,,,,,,,,,,,,
,,,,,,,,,,,,,,
,,,,,,,,,,,,,,
,,,,,,,,,,,,,,
,,,,,,,,,,,,,,
,,,,,,,,,,,,,,
,,,,,,,,,,,,,,
,,,,,,,,,,,,,,
,,,,,,,,,,,,,,
,,,,,,,,,,,,,,
,,,,,,,,,,,,,,
,,,,,,,,,,,,,,
,,,,,,,,,,,,,,
,,,,,,,,,,,,,,
,,,,,,,,,,,,,,
,,,,,,,,,,,,,,
,,,,,,,,,,,,,,
,,,,,,,,,,,,,,
,,,,,,,,,,,,,,
,,,,,,,,,,,,,,
,,,,,,,,,,,,,,
,,,,,,,,,,,,,,
,,,,,,,,,,,,,,
,,,,,,,,,,,,,,
,,,,,,,,,,,,,,
,,,,,,,,,,,,,,
,,,,,,,,,,,,,,
,,,,,,,,,,,,,,
,,,,,,,,,,,,,,
,,,,,,,,,,,,,,
,,,,,,,,,,,,,,
,,,,,,,,,,,,,,
,,,,,,,,,,,,,,
,,,,,,,,,,,,,,
,,,,,,,,,,,,,,
,,,,,,,,,,,,,,
,,,,,,,,,,,,,,
,,,,,,,,,,,,,,
,,,,,,,,,,,,,,
,,,,,,,,,,,,,,
,,,,,,,,,,,,,,
,,,,,,,,,,,,,,
,,,,,,,,,,,,,,
,,,,,,,,,,,,,,
,,,,,,,,,,,,,,
,,,,,,,,,,,,,,
,,,,,,,,,,,,,,
,,,,,,,,,,,,,,
,,,,,,,,,,,,,,
,,,,,,,,,,,,,,
,,,,,,,,,,,,,,
,,,,,,,,,,,,,,
,,,,,,,,,,,,,,
,,,,,,,,,,,,,,
,,,,,,,,,,,,,,
,,,,,,,,,,,,,,
,,,,,,,,,,,,,,
,,,,,,,,,,,,,,
,,,,,,,,,,,,,,
,,,,,,,,,,,,,,
,,,,,,,,,,,,,,
,,,,,,,,,,,,,,
,,,,,,,,,,,,,,
,,,,,,,,,,,,,,
,,,,,,,,,,,,,,
,,,,,,,,,,,,,,
,,,,,,,,,,,,,,
,,,,,,,,,,,,,,
,,,,,,,,,,,,,,
,,,,,,,,,,,,,,
,,,,,,,,,,,,,,
,,,,,,,,,,,,,,
,,,,,,,,,,,,,,
,,,,,,,,,,,,,,
,,,,,,,,,,,,,,
,,,,,,,,,,,,,,
,,,,,,,,,,,,,,
,,,,,,,,,,,,,,
,,,,,,,,,,,,,,
,,,,,,,,,,,,,,
,,,,,,,,,,,,,,
,,,,,,,,,,,,,,
,,,,,,,,,,,,,,
,,,,,,,,,,,,,,
,,,,,,,,,,,,,,
,,,,,,,,,,,,,,
,,,,,,,,,,,,,,
,,,,,,,,,,,,,,
,,,,,,,,,,,,,,
,,,,,,,,,,,,,,
,,,,,,,,,,,,,,
,,,,,,,,,,,,,,
,,,,,,,,,,,,,,
,,,,,,,,,,,,,,
,,,,,,,,,,,,,,
,,,,,,,,,,,,,,
,,,,,,,,,,,,,,
,,,,,,,,,,,,,,
,,,,,,,,,,,,,,
,,,,,,,,,,,,,,
,,,,,,,,,,,,,,
,,,,,,,,,,,,,,
,,,,,,,,,,,,,,
,,,,,,,,,,,,,,
,,,,,,,,,,,,,,
,,,,,,,,,,,,,,
,,,,,,,,,,,,,,
,,,,,,,,,,,,,,
,,,,,,,,,,,,,,
,,,,,,,,,,,,,,
,,,,,,,,,,,,,,
,,,,,,,,,,,,,,
,,,,,,,,,,,,,,
,,,,,,,,,,,,,,
,,,,,,,,,,,,,,
,,,,,,,,,,,,,,
,,,,,,,,,,,,,,
,,,,,,,,,,,,,,
,,,,,,,,,,,,,,
,,,,,,,,,,,,,,
,,,,,,,,,,,,,,
,,,,,,,,,,,,,,
,,,,,,,,,,,,,,
,,,,,,,,,,,,,,
,,,,,,,,,,,,,,
,,,,,,,,,,,,,,
,,,,,,,,,,,,,,
,,,,,,,,,,,,,,
,,,,,,,,,,,,,,
,,,,,,,,,,,,,,
,,,,,,,,,,,,,,
,,,,,,,,,,,,,,
,,,,,,,,,,,,,,
,,,,,,,,,,,,,,
,,,,,,,,,,,,,,
,,,,,,,,,,,,,,
,,,,,,,,,,,,,,
,,,,,,,,,,,,,,
,,,,,,,,,,,,,,
,,,,,,,,,,,,,,
,,,,,,,,,,,,,,
,,,,,,,,,,,,,,
,,,,,,,,,,,,,,
,,,,,,,,,,,,,,
,,,,,,,,,,,,,,
,,,,,,,,,,,,,,
,,,,,,,,,,,,,,
,,,,,,,,,,,,,,
,,,,,,,,,,,,,,
,,,,,,,,,,,,,,
,,,,,,,,,,,,,,
,,,,,,,,,,,,,,
,,,,,,,,,,,,,,
,,,,,,,,,,,,,,
,,,,,,,,,,,,,,
,,,,,,,,,,,,,,
,,,,,,,,,,,,,,
,,,,,,,,,,,,,,
,,,,,,,,,,,,,,
,,,,,,,,,,,,,,
,,,,,,,,,,,,,,
,,,,,,,,,,,,,,
,,,,,,,,,,,,,,
,,,,,,,,,,,,,,
,,,,,,,,,,,,,,
,,,,,,,,,,,,,,
,,,,,,,,,,,,,,
,,,,,,,,,,,,,,
,,,,,,,,,,,,,,
,,,,,,,,,,,,,,
,,,,,,,,,,,,,,
,,,,,,,,,,,,,,
,,,,,,,,,,,,,,
,,,,,,,,,,,,,,
,,,,,,,,,,,,,,
,,,,,,,,,,,,,,
,,,,,,,,,,,,,,
,,,,,,,,,,,,,,
,,,,,,,,,,,,,,
,,,,,,,,,,,,,,
,,,,,,,,,,,,,,
,,,,,,,,,,,,,,
,,,,,,,,,,,,,,
,,,,,,,,,,,,,,
,,,,,,,,,,,,,,
,,,,,,,,,,,,,,
,,,,,,,,,,,,,,
,,,,,,,,,,,,,,
,,,,,,,,,,,,,,
,,,,,,,,,,,,,,
,,,,,,,,,,,,,,
,,,,,,,,,,,,,,
,,,,,,,,,,,,,,
,,,,,,,,,,,,,,
,,,,,,,,,,,,,,
,,,,,,,,,,,,,,
,,,,,,,,,,,,,,
,,,,,,,,,,,,,,
,,,,,,,,,,,,,,
,,,,,,,,,,,,,,
,,,,,,,,,,,,,,
,,,,,,,,,,,,,,
,,,,,,,,,,,,,,
,,,,,,,,,,,,,,
,,,,,,,,,,,,,,
,,,,,,,,,,,,,,
,,,,,,,,,,,,,,
,,,,,,,,,,,,,,
,,,,,,,,,,,,,,
,,,,,,,,,,,,,,
,,,,,,,,,,,,,,
,,,,,,,,,,,,,,
,,,,,,,,,,,,,,
,,,,,,,,,,,,,,
,,,,,,,,,,,,,,
,,,,,,,,,,,,,,
,,,,,,,,,,,,,,
,,,,,,,,,,,,,,
,,,,,,,,,,,,,,
,,,,,,,,,,,,,,
,,,,,,,,,,,,,,
,,,,,,,,,,,,,,
,,,,,,,,,,,,,,
,,,,,,,,,,,,,,
,,,,,,,,,,,,,,
,,,,,,,,,,,,,,
,,,,,,,,,,,,,,
,,,,,,,,,,,,,,
,,,,,,,,,,,,,,
,,,,,,,,,,,,,,
,,,,,,,,,,,,,,
,,,,,,,,,,,,,,
,,,,,,,,,,,,,,
,,,,,,,,,,,,,,
,,,,,,,,,,,,,,
,,,,,,,,,,,,,,
,,,,,,,,,,,,,,
,,,,,,,,,,,,,,
,,,,,,,,,,,,,,
,,,,,,,,,,,,,,
,,,,,,,,,,,,,,
,,,,,,,,,,,,,,
,,,,,,,,,,,,,,
,,,,,,,,,,,,,,
,,,,,,,,,,,,,,
,,,,,,,,,,,,,,
,,,,,,,,,,,,,,
,,,,,,,,,,,,,,
,,,,,,,,,,,,,,
,,,,,,,,,,,,,,
,,,,,,,,,,,,,,
,,,,,,,,,,,,,,
,,,,,,,,,,,,,,
,,,,,,,,,,,,,,
,,,,,,,,,,,,,,
,,,,,,,,,,,,,,
,,,,,,,,,,,,,,
,,,,,,,,,,,,,,
,,,,,,,,,,,,,,
,,,,,,,,,,,,,,
,,,,,,,,,,,,,,
,,,,,,,,,,,,,,
,,,,,,,,,,,,,,
,,,,,,,,,,,,,,
,,,,,,,,,,,,,,
,,,,,,,,,,,,,,
,,,,,,,,,,,,,,
,,,,,,,,,,,,,,
,,,,,,,,,,,,,,
,,,,,,,,,,,,,,
,,,,,,,,,,,,,,
,,,,,,,,,,,,,,
,,,,,,,,,,,,,,
,,,,,,,,,,,,,,
,,,,,,,,,,,,,,
,,,,,,,,,,,,,,
,,,,,,,,,,,,,,
,,,,,,,,,,,,,,
,,,,,,,,,,,,,,
,,,,,,,,,,,,,,
,,,,,,,,,,,,,,
,,,,,,,,,,,,,,
,,,,,,,,,,,,,,
,,,,,,,,,,,,,,
,,,,,,,,,,,,,,
,,,,,,,,,,,,,,
,,,,,,,,,,,,,,
,,,,,,,,,,,,,,
,,,,,,,,,,,,,,
,,,,,,,,,,,,,,
,,,,,,,,,,,,,,
,,,,,,,,,,,,,,
,,,,,,,,,,,,,,
,,,,,,,,,,,,,,
,,,,,,,,,,,,,,
,,,,,,,,,,,,,,
,,,,,,,,,,,,,,
,,,,,,,,,,,,,,
,,,,,,,,,,,,,,
,,,,,,,,,,,,,,
,,,,,,,,,,,,,,
,,,,,,,,,,,,,,
,,,,,,,,,,,,,,
,,,,,,,,,,,,,,
,,,,,,,,,,,,,,
,,,,,,,,,,,,,,
,,,,,,,,,,,,,,
,,,,,,,,,,,,,,
,,,,,,,,,,,,,,
,,,,,,,,,,,,,,
,,,,,,,,,,,,,,
,,,,,,,,,,,,,,
,,,,,,,,,,,,,,
,,,,,,,,,,,,,,
,,,,,,,,,,,,,,
,,,,,,,,,,,,,,
,,,,,,,,,,,,,,
,,,,,,,,,,,,,,
,,,,,,,,,,,,,,
,,,,,,,,,,,,,,
,,,,,,,,,,,,,,
,,,,,,,,,,,,,,
,,,,,,,,,,,,,,
,,,,,,,,,,,,,,
,,,,,,,,,,,,,,
,,,,,,,,,,,,,,
,,,,,,,,,,,,,,
,,,,,,,,,,,,,,
,,,,,,,,,,,,,,
,,,,,,,,,,,,,,
,,,,,,,,,,,,,,
,,,,,,,,,,,,,,
,,,,,,,,,,,,,,
,,,,,,,,,,,,,,
,,,,,,,,,,,,,,
,,,,,,,,,,,,,,
,,,,,,,,,,,,,,
,,,,,,,,,,,,,,
,,,,,,,,,,,,,,
,,,,,,,,,,,,,,
,,,,,,,,,,,,,,
,,,,,,,,,,,,,,
,,,,,,,,,,,,,,
,,,,,,,,,,,,,,
,,,,,,,,,,,,,,
,,,,,,,,,,,,,,
,,,,,,,,,,,,,,
,,,,,,,,,,,,,,
,,,,,,,,,,,,,,
,,,,,,,,,,,,,,
,,,,,,,,,,,,,,
,,,,,,,,,,,,,,
,,,,,,,,,,,,,,
,,,,,,,,,,,,,,
,,,,,,,,,,,,,,
,,,,,,,,,,,,,,
,,,,,,,,,,,,,,
,,,,,,,,,,,,,,
,,,,,,,,,,,,,,
,,,,,,,,,,,,,,
,,,,,,,,,,,,,,
,,,,,,,,,,,,,,
,,,,,,,,,,,,,,
,,,,,,,,,,,,,,
,,,,,,,,,,,,,,
,,,,,,,,,,,,,,
,,,,,,,,,,,,,,
,,,,,,,,,,,,,,
,,,,,,,,,,,,,,
,,,,,,,,,,,,,,
,,,,,,,,,,,,,,
,,,,,,,,,,,,,,
,,,,,,,,,,,,,,
,,,,,,,,,,,,,,
,,,,,,,,,,,,,,
,,,,,,,,,,,,,,
,,,,,,,,,,,,,,
,,,,,,,,,,,,,,
,,,,,,,,,,,,,,
,,,,,,,,,,,,,,
,,,,,,,,,,,,,,
,,,,,,,,,,,,,,
,,,,,,,,,,,,,,
,,,,,,,,,,,,,,
,,,,,,,,,,,,,,
,,,,,,,,,,,,,,
,,,,,,,,,,,,,,
,,,,,,,,,,,,,,
,,,,,,,,,,,,,,
,,,,,,,,,,,,,,
,,,,,,,,,,,,,,
,,,,,,,,,,,,,,
,,,,,,,,,,,,,,
,,,,,,,,,,,,,,
,,,,,,,,,,,,,,
,,,,,,,,,,,,,,
,,,,,,,,,,,,,,
,,,,,,,,,,,,,,
,,,,,,,,,,,,,,
,,,,,,,,,,,,,,
,,,,,,,,,,,,,,
,,,,,,,,,,,,,,
,,,,,,,,,,,,,,
,,,,,,,,,,,,,,
,,,,,,,,,,,,,,
,,,,,,,,,,,,,,
,,,,,,,,,,,,,,
,,,,,,,,,,,,,,
,,,,,,,,,,,,,,
,,,,,,,,,,,,,,
,,,,,,,,,,,,,,
,,,,,,,,,,,,,,
,,,,,,,,,,,,,,
,,,,,,,,,,,,,,
,,,,,,,,,,,,,,
,,,,,,,,,,,,,,
,,,,,,,,,,,,,,
,,,,,,,,,,,,,,
,,,,,,,,,,,,,,
,,,,,,,,,,,,,,
,,,,,,,,,,,,,,
,,,,,,,,,,,,,,
,,,,,,,,,,,,,,
,,,,,,,,,,,,,,
,,,,,,,,,,,,,,
,,,,,,,,,,,,,,
,,,,,,,,,,,,,,
,,,,,,,,,,,,,,
,,,,,,,,,,,,,,
,,,,,,,,,,,,,,
,,,,,,,,,,,,,,
,,,,,,,,,,,,,,
,,,,,,,,,,,,,,
,,,,,,,,,,,,,,
,,,,,,,,,,,,,,
,,,,,,,,,,,,,,
,,,,,,,,,,,,,,
,,,,,,,,,,,,,,
,,,,,,,,,,,,,,
,,,,,,,,,,,,,,
,,,,,,,,,,,,,,
,,,,,,,,,,,,,,
,,,,,,,,,,,,,,
,,,,,,,,,,,,,,
,,,,,,,,,,,,,,
,,,,,,,,,,,,,,
,,,,,,,,,,,,,,
,,,,,,,,,,,,,,
,,,,,,,,,,,,,,
,,,,,,,,,,,,,,
,,,,,,,,,,,,,,
,,,,,,,,,,,,,,
,,,,,,,,,,,,,,
,,,,,,,,,,,,,,
,,,,,,,,,,,,,,
,,,,,,,,,,,,,,
,,,,,,,,,,,,,,
,,,,,,,,,,,,,,
,,,,,,,,,,,,,,
,,,,,,,,,,,,,,
,,,,,,,,,,,,,,
,,,,,,,,,,,,,,
,,,,,,,,,,,,,,
,,,,,,,,,,,,,,
,,,,,,,,,,,,,,
,,,,,,,,,,,,,,
,,,,,,,,,,,,,,
,,,,,,,,,,,,,,
,,,,,,,,,,,,,,
,,,,,,,,,,,,,,
,,,,,,,,,,,,,,
,,,,,,,,,,,,,,
,,,,,,,,,,,,,,
,,,,,,,,,,,,,,
,,,,,,,,,,,,,,
,,,,,,,,,,,,,,
,,,,,,,,,,,,,,
,,,,,,,,,,,,,,
,,,,,,,,,,,,,,
,,,,,,,,,,,,,,
,,,,,,,,,,,,,,
,,,,,,,,,,,,,,
,,,,,,,,,,,,,,
,,,,,,,,,,,,,,
,,,,,,,,,,,,,,
,,,,,,,,,,,,,,
,,,,,,,,,,,,,,
,,,,,,,,,,,,,,
,,,,,,,,,,,,,,
,,,,,,,,,,,,,,
,,,,,,,,,,,,,,
,,,,,,,,,,,,,,
,,,,,,,,,,,,,,
,,,,,,,,,,,,,,
,,,,,,,,,,,,,,
,,,,,,,,,,,,,,
,,,,,,,,,,,,,,
,,,,,,,,,,,,,,
,,,,,,,,,,,,,,
,,,,,,,,,,,,,,
,,,,,,,,,,,,,,
,,,,,,,,,,,,,,
,,,,,,,,,,,,,,
,,,,,,,,,,,,,,
,,,,,,,,,,,,,,
,,,,,,,,,,,,,,
,,,,,,,,,,,,,,
,,,,,,,,,,,,,,
,,,,,,,,,,,,,,
,,,,,,,,,,,,,,
,,,,,,,,,,,,,,
,,,,,,,,,,,,,,
,,,,,,,,,,,,,,
,,,,,,,,,,,,,,
,,,,,,,,,,,,,,
,,,,,,,,,,,,,,
,,,,,,,,,,,,,,
,,,,,,,,,,,,,,
,,,,,,,,,,,,,,
,,,,,,,,,,,,,,
,,,,,,,,,,,,,,
,,,,,,,,,,,,,,
,,,,,,,,,,,,,,
,,,,,,,,,,,,,,
,,,,,,,,,,,,,,
,,,,,,,,,,,,,,
,,,,,,,,,,,,,,
,,,,,,,,,,,,,,
,,,,,,,,,,,,,,
,,,,,,,,,,,,,,
,,,,,,,,,,,,,,
,,,,,,,,,,,,,,
,,,,,,,,,,,,,,
,,,,,,,,,,,,,,
,,,,,,,,,,,,,,
,,,,,,,,,,,,,,
,,,,,,,,,,,,,,
,,,,,,,,,,,,,,
,,,,,,,,,,,,,,
,,,,,,,,,,,,,,
,,,,,,,,,,,,,,
,,,,,,,,,,,,,,
,,,,,,,,,,,,,,
,,,,,,,,,,,,,,
,,,,,,,,,,,,,,
,,,,,,,,,,,,,,
,,,,,,,,,,,,,,
,,,,,,,,,,,,,,
,,,,,,,,,,,,,,
,,,,,,,,,,,,,,
,,,,,,,,,,,,,,
,,,,,,,,,,,,,,
,,,,,,,,,,,,,,
,,,,,,,,,,,,,,
,,,,,,,,,,,,,,
,,,,,,,,,,,,,,
,,,,,,,,,,,,,,
,,,,,,,,,,,,,,
,,,,,,,,,,,,,,
,,,,,,,,,,,,,,
,,,,,,,,,,,,,,
,,,,,,,,,,,,,,
,,,,,,,,,,,,,,
,,,,,,,,,,,,,,
,,,,,,,,,,,,,,
,,,,,,,,,,,,,,
,,,,,,,,,,,,,,
,,,,,,,,,,,,,,
,,,,,,,,,,,,,,
,,,,,,,,,,,,,,
,,,,,,,,,,,,,,
,,,,,,,,,,,,,,
,,,,,,,,,,,,,,
,,,,,,,,,,,,,,
,,,,,,,,,,,,,,
,,,,,,,,,,,,,,
,,,,,,,,,,,,,,
,,,,,,,,,,,,,,
,,,,,,,,,,,,,,
,,,,,,,,,,,,,,
,,,,,,,,,,,,,,
,,,,,,,,,,,,,,
,,,,,,,,,,,,,,
,,,,,,,,,,,,,,
,,,,,,,,,,,,,,
,,,,,,,,,,,,,,
,,,,,,,,,,,,,,
,,,,,,,,,,,,,,
,,,,,,,,,,,,,,
,,,,,,,,,,,,,,
,,,,,,,,,,,,,,
,,,,,,,,,,,,,,
,,,,,,,,,,,,,,
,,,,,,,,,,,,,,
,,,,,,,,,,,,,,